"","algorithm","replicate","instance","group","result"
"1",2,27,4,2,2.2360743828386e-15
"2",2,6,89,27,5539730.58744886
"3",2,20,73,22,4500726.65552241
"4",2,29,2,1,0
"5",1,30,94,28,5469783.64751617
"6",1,29,140,42,9467717.01295113
"7",2,8,113,34,-1
"8",2,16,7,3,-1
"9",1,5,118,35,-1
"10",1,9,143,43,-1
"11",2,22,52,16,-1
"12",2,7,106,32,-1
"13",1,5,11,4,-1
"14",1,12,138,41,-1
"15",1,4,38,12,-1
"16",1,5,3,1,-1
"17",2,18,90,27,-1
"18",1,22,36,11,-1
"19",1,30,80,24,-1
"20",1,8,101,30,-1
"21",1,25,81,24,-1
"22",2,20,90,27,-1
"23",2,11,118,35,-1
"24",2,26,128,38,-1
"25",1,2,103,31,-1
"26",2,13,81,24,-1
"27",1,9,52,16,-1
"28",2,22,29,9,-1
"29",1,1,21,7,-1
"30",1,21,40,12,-1
"31",1,4,117,35,-1
"32",2,4,147,44,-1
"33",2,2,31,10,-1
"34",2,6,149,44,-1
"35",2,1,137,41,-1
"36",1,6,146,44,-1
"37",1,30,69,21,-1
"38",1,19,10,3,-1
"39",1,11,105,32,-1
"40",2,11,93,28,-1
"41",1,21,140,42,-1
"42",1,27,70,21,-1
"43",1,8,61,19,-1
"44",2,2,90,27,-1
"45",2,28,142,42,-1
"46",2,6,14,5,-1
"47",2,10,112,34,-1
"48",2,17,39,12,-1
"49",1,7,96,29,-1
"50",2,19,83,25,-1
"51",2,21,102,31,-1
"52",1,20,73,22,-1
"53",1,30,111,33,-1
"54",1,21,136,41,-1
"55",2,2,142,42,-1
"56",2,20,121,36,-1
"57",2,15,133,40,-1
"58",2,30,90,27,-1
"59",1,18,55,17,-1
"60",2,20,61,19,-1
"61",2,27,8,3,-1
"62",1,6,13,4,-1
"63",2,4,128,38,-1
"64",1,25,92,28,-1
"65",2,14,126,38,-1
"66",1,12,86,26,-1
"67",1,12,61,19,-1
"68",2,17,46,14,-1
"69",2,2,10,3,-1
"70",1,13,115,34,-1
"71",1,6,2,1,-1
"72",2,14,91,27,-1
"73",1,10,114,34,-1
"74",2,12,51,16,-1
"75",1,12,84,25,-1
"76",2,14,133,40,-1
"77",2,24,29,9,-1
"78",2,25,76,23,-1
"79",1,21,137,41,-1
"80",2,29,41,13,-1
"81",2,17,60,18,-1
"82",2,23,116,35,-1
"83",1,10,141,42,-1
"84",1,7,119,36,-1
"85",1,3,58,18,-1
"86",2,4,62,19,-1
"87",2,8,35,11,-1
"88",1,7,35,11,-1
"89",2,6,50,15,-1
"90",1,12,114,34,-1
"91",1,16,68,21,-1
"92",2,6,81,24,-1
"93",1,29,59,18,-1
"94",2,10,71,21,-1
"95",1,26,91,27,-1
"96",2,22,75,23,-1
"97",1,11,104,31,-1
"98",1,21,35,11,-1
"99",2,2,47,14,-1
"100",1,15,111,33,-1
"101",1,24,136,41,-1
"102",1,13,88,26,-1
"103",1,18,122,37,-1
"104",1,8,4,2,-1
"105",1,8,6,2,-1
"106",1,7,55,17,-1
"107",2,29,82,25,-1
"108",1,14,48,15,-1
"109",1,4,147,44,-1
"110",1,18,19,6,-1
"111",1,27,116,35,-1
"112",1,15,77,23,-1
"113",2,27,59,18,-1
"114",1,9,59,18,-1
"115",2,9,16,5,-1
"116",2,5,86,26,-1
"117",1,7,26,8,-1
"118",2,3,141,42,-1
"119",2,12,42,13,-1
"120",1,19,4,2,-1
"121",1,8,87,26,-1
"122",1,18,81,24,-1
"123",1,14,138,41,-1
"124",1,19,57,17,-1
"125",1,26,129,39,-1
"126",1,14,119,36,-1
"127",1,21,126,38,-1
"128",1,2,3,1,-1
"129",2,11,120,36,-1
"130",1,24,14,5,-1
"131",1,17,48,15,-1
"132",1,16,13,4,-1
"133",1,15,78,24,-1
"134",1,5,123,37,-1
"135",2,27,136,41,-1
"136",2,16,49,15,-1
"137",1,23,122,37,-1
"138",2,28,123,37,-1
"139",1,4,6,2,-1
"140",2,25,66,20,-1
"141",2,15,138,41,-1
"142",2,18,85,26,-1
"143",2,25,122,37,-1
"144",2,19,61,19,-1
"145",2,27,138,41,-1
"146",2,30,94,28,-1
"147",1,26,77,23,-1
"148",1,27,59,18,-1
"149",2,11,143,43,-1
"150",2,10,102,31,-1
"151",2,8,134,40,-1
"152",1,10,90,27,-1
"153",1,17,95,29,-1
"154",2,24,115,34,-1
"155",2,21,87,26,-1
"156",1,9,125,37,-1
"157",1,24,89,27,-1
"158",1,27,103,31,-1
"159",2,19,5,2,-1
"160",1,13,108,32,-1
"161",1,11,96,29,-1
"162",2,19,96,29,-1
"163",2,17,77,23,-1
"164",2,28,52,16,-1
"165",2,23,135,40,-1
"166",2,11,46,14,-1
"167",1,13,74,22,-1
"168",2,9,78,24,-1
"169",2,10,61,19,-1
"170",1,3,64,19,-1
"171",1,9,105,32,-1
"172",1,14,72,22,-1
"173",1,27,138,41,-1
"174",2,16,29,9,-1
"175",2,16,107,32,-1
"176",2,30,64,19,-1
"177",2,30,110,33,-1
"178",1,3,125,37,-1
"179",2,3,71,21,-1
"180",1,10,100,30,-1
"181",2,9,32,10,-1
"182",2,1,139,42,-1
"183",2,18,71,21,-1
"184",2,20,104,31,-1
"185",1,15,29,9,-1
"186",1,8,54,16,-1
"187",1,5,109,33,-1
"188",1,12,147,44,-1
"189",1,14,2,1,-1
"190",1,17,38,12,-1
"191",1,28,42,13,-1
"192",2,9,141,42,-1
"193",1,19,69,21,-1
"194",2,4,2,1,-1
"195",2,11,110,33,-1
"196",2,22,59,18,-1
"197",1,29,40,12,-1
"198",2,17,84,25,-1
"199",1,10,26,8,-1
"200",1,25,113,34,-1
"201",2,20,116,35,-1
"202",1,13,36,11,-1
"203",2,22,63,19,-1
"204",2,5,135,40,-1
"205",1,21,17,6,-1
"206",1,25,130,39,-1
"207",1,12,99,30,-1
"208",2,29,17,6,-1
"209",1,25,26,8,-1
"210",1,20,9,3,-1
"211",1,30,24,8,-1
"212",1,7,98,29,-1
"213",2,7,63,19,-1
"214",2,23,59,18,-1
"215",2,27,85,26,-1
"216",2,23,145,43,-1
"217",1,30,38,12,-1
"218",2,7,31,10,-1
"219",2,6,113,34,-1
"220",2,13,115,34,-1
"221",1,6,61,19,-1
"222",1,27,58,18,-1
"223",2,13,149,44,-1
"224",1,24,107,32,-1
"225",2,30,52,16,-1
"226",1,19,135,40,-1
"227",1,27,64,19,-1
"228",2,6,24,8,-1
"229",1,13,112,34,-1
"230",2,4,121,36,-1
"231",1,29,137,41,-1
"232",1,1,113,34,-1
"233",1,28,12,4,-1
"234",2,30,96,29,-1
"235",2,1,125,37,-1
"236",1,18,64,19,-1
"237",1,24,23,7,-1
"238",2,16,73,22,-1
"239",1,9,134,40,-1
"240",2,5,119,36,-1
"241",1,25,142,42,-1
"242",2,11,124,37,-1
"243",1,16,141,42,-1
"244",1,13,127,38,-1
"245",1,19,77,23,-1
"246",2,30,43,13,-1
"247",2,7,98,29,-1
"248",1,12,135,40,-1
"249",2,29,77,23,-1
"250",1,22,135,40,-1
"251",2,5,81,24,-1
"252",2,18,134,40,-1
"253",1,24,32,10,-1
"254",2,3,131,39,-1
"255",2,2,37,11,-1
"256",2,15,63,19,-1
"257",2,24,126,38,-1
"258",2,10,136,41,-1
"259",1,3,14,5,-1
"260",1,19,139,42,-1
"261",2,10,137,41,-1
"262",2,25,84,25,-1
"263",2,6,135,40,-1
"264",1,3,122,37,-1
"265",1,12,50,15,-1
"266",2,17,83,25,-1
"267",2,19,35,11,-1
"268",2,2,35,11,-1
"269",1,24,100,30,-1
"270",1,17,150,45,-1
"271",2,24,135,40,-1
"272",1,22,9,3,-1
"273",2,10,127,38,-1
"274",2,30,101,30,-1
"275",2,22,66,20,-1
"276",1,12,42,13,-1
"277",1,8,71,21,-1
"278",2,23,95,29,-1
"279",2,8,132,39,-1
"280",1,20,149,44,-1
"281",1,20,34,11,-1
"282",2,30,117,35,-1
"283",1,3,82,25,-1
"284",2,20,10,3,-1
"285",1,9,33,10,-1
"286",2,27,12,4,-1
"287",2,2,45,14,-1
"288",2,8,94,28,-1
"289",2,14,97,29,-1
"290",2,18,147,44,-1
"291",2,15,72,22,-1
"292",1,30,46,14,-1
"293",2,29,128,38,-1
"294",2,22,12,4,-1
"295",2,22,83,25,-1
"296",2,28,133,40,-1
"297",2,18,143,43,-1
"298",2,1,112,34,-1
"299",2,26,21,7,-1
"300",2,2,91,27,-1
"301",1,6,107,32,-1
"302",2,13,101,30,-1
"303",1,16,92,28,-1
"304",2,16,97,29,-1
"305",1,19,32,10,-1
"306",1,4,21,7,-1
"307",1,10,146,44,-1
"308",1,11,69,21,-1
"309",2,20,74,22,-1
"310",2,19,138,41,-1
"311",1,27,30,9,-1
"312",1,2,40,12,-1
"313",1,13,110,33,-1
"314",2,23,64,19,-1
"315",1,11,113,34,-1
"316",2,8,8,3,-1
"317",1,4,74,22,-1
"318",1,14,101,30,-1
"319",1,19,113,34,-1
"320",2,28,141,42,-1
"321",2,21,15,5,-1
"322",2,29,122,37,-1
"323",1,12,3,1,-1
"324",1,6,111,33,-1
"325",1,19,60,18,-1
"326",1,23,89,27,-1
"327",1,24,115,34,-1
"328",2,1,101,30,-1
"329",2,30,99,30,-1
"330",2,6,146,44,-1
"331",1,25,38,12,-1
"332",2,13,58,18,-1
"333",1,22,128,38,-1
"334",2,15,110,33,-1
"335",2,23,127,38,-1
"336",2,22,86,26,-1
"337",2,26,91,27,-1
"338",2,11,20,6,-1
"339",2,3,94,28,-1
"340",1,16,30,9,-1
"341",2,25,40,12,-1
"342",2,28,19,6,-1
"343",2,17,48,15,-1
"344",1,2,56,17,-1
"345",2,30,69,21,-1
"346",2,25,109,33,-1
"347",2,22,93,28,-1
"348",1,4,114,34,-1
"349",1,26,6,2,-1
"350",1,14,115,34,-1
"351",2,10,65,20,-1
"352",1,15,127,38,-1
"353",1,19,91,27,-1
"354",2,22,19,6,-1
"355",2,26,49,15,-1
"356",1,22,18,6,-1
"357",2,3,97,29,-1
"358",2,21,29,9,-1
"359",2,2,132,39,-1
"360",2,24,68,21,-1
"361",1,14,99,30,-1
"362",1,12,18,6,-1
"363",1,18,97,29,-1
"364",1,24,93,28,-1
"365",1,18,76,23,-1
"366",2,14,106,32,-1
"367",2,20,3,1,-1
"368",1,23,53,16,-1
"369",2,27,98,29,-1
"370",2,25,52,16,-1
"371",1,28,108,32,-1
"372",2,16,112,34,-1
"373",2,9,59,18,-1
"374",2,25,148,44,-1
"375",1,17,70,21,-1
"376",2,16,19,6,-1
"377",2,16,24,8,-1
"378",2,3,73,22,-1
"379",1,24,142,42,-1
"380",1,6,86,26,-1
"381",1,13,24,8,-1
"382",1,12,111,33,-1
"383",2,22,114,34,-1
"384",1,8,133,40,-1
"385",2,1,43,13,-1
"386",2,2,128,38,-1
"387",2,1,10,3,-1
"388",2,17,3,1,-1
"389",1,1,39,12,-1
"390",1,22,89,27,-1
"391",2,11,149,44,-1
"392",2,30,66,20,-1
"393",2,28,81,24,-1
"394",1,3,95,29,-1
"395",2,7,57,17,-1
"396",1,24,33,10,-1
"397",2,27,62,19,-1
"398",2,12,10,3,-1
"399",2,10,4,2,-1
"400",2,1,113,34,-1
"401",1,18,6,2,-1
"402",2,27,7,3,-1
"403",2,17,142,42,-1
"404",1,24,57,17,-1
"405",1,26,9,3,-1
"406",1,7,123,37,-1
"407",2,17,29,9,-1
"408",2,22,56,17,-1
"409",1,20,48,15,-1
"410",1,12,34,11,-1
"411",2,24,77,23,-1
"412",2,8,10,3,-1
"413",2,19,94,28,-1
"414",2,1,39,12,-1
"415",2,16,109,33,-1
"416",2,3,32,10,-1
"417",2,1,92,28,-1
"418",2,24,145,43,-1
"419",2,25,80,24,-1
"420",1,15,33,10,-1
"421",1,16,74,22,-1
"422",2,17,81,24,-1
"423",2,22,77,23,-1
"424",2,17,133,40,-1
"425",2,9,66,20,-1
"426",2,15,39,12,-1
"427",2,1,13,4,-1
"428",1,11,29,9,-1
"429",2,2,82,25,-1
"430",1,13,106,32,-1
"431",1,18,29,9,-1
"432",2,3,24,8,-1
"433",2,19,62,19,-1
"434",1,8,3,1,-1
"435",2,28,137,41,-1
"436",1,4,17,6,-1
"437",2,11,74,22,-1
"438",1,25,106,32,-1
"439",1,15,104,31,-1
"440",1,9,98,29,-1
"441",1,11,57,17,-1
"442",2,10,51,16,-1
"443",2,6,18,6,-1
"444",2,21,75,23,-1
"445",1,27,3,1,-1
"446",2,20,5,2,-1
"447",2,1,41,13,-1
"448",2,9,54,16,-1
"449",2,6,121,36,-1
"450",2,5,11,4,-1
"451",1,9,92,28,-1
"452",1,30,133,40,-1
"453",2,21,48,15,-1
"454",2,16,79,24,-1
"455",1,18,132,39,-1
"456",2,3,136,41,-1
"457",1,20,53,16,-1
"458",2,5,50,15,-1
"459",1,24,44,13,-1
"460",2,22,120,36,-1
"461",1,24,109,33,-1
"462",2,19,31,10,-1
"463",2,16,52,16,-1
"464",1,19,27,8,-1
"465",2,11,101,30,-1
"466",2,26,72,22,-1
"467",1,16,56,17,-1
"468",1,11,45,14,-1
"469",2,28,91,27,-1
"470",1,16,85,26,-1
"471",2,17,9,3,-1
"472",2,9,143,43,-1
"473",1,9,23,7,-1
"474",1,5,97,29,-1
"475",2,4,107,32,-1
"476",2,28,143,43,-1
"477",1,25,123,37,-1
"478",2,26,144,43,-1
"479",1,21,100,30,-1
"480",1,12,65,20,-1
"481",2,6,51,16,-1
"482",2,19,28,9,-1
"483",2,17,137,41,-1
"484",1,3,50,15,-1
"485",2,27,49,15,-1
"486",1,5,128,38,-1
"487",2,25,121,36,-1
"488",1,13,58,18,-1
"489",1,19,102,31,-1
"490",2,1,107,32,-1
"491",2,20,148,44,-1
"492",1,28,75,23,-1
"493",2,14,144,43,-1
"494",2,29,42,13,-1
"495",2,14,23,7,-1
"496",2,20,128,38,-1
"497",2,14,113,34,-1
"498",2,7,2,1,-1
"499",1,11,60,18,-1
"500",2,17,115,34,-1
"501",2,25,48,15,-1
"502",1,23,139,42,-1
"503",1,23,41,13,-1
"504",2,24,58,18,-1
"505",1,28,79,24,-1
"506",2,27,148,44,-1
"507",1,14,148,44,-1
"508",2,6,40,12,-1
"509",1,24,82,25,-1
"510",1,8,12,4,-1
"511",2,7,146,44,-1
"512",2,14,7,3,-1
"513",2,6,80,24,-1
"514",1,23,132,39,-1
"515",2,5,123,37,-1
"516",2,10,143,43,-1
"517",1,12,59,18,-1
"518",2,17,150,45,-1
"519",2,4,129,39,-1
"520",2,5,145,43,-1
"521",2,22,10,3,-1
"522",2,2,111,33,-1
"523",1,29,139,42,-1
"524",2,5,79,24,-1
"525",2,8,104,31,-1
"526",2,25,96,29,-1
"527",1,2,47,14,-1
"528",1,29,66,20,-1
"529",2,6,34,11,-1
"530",1,9,56,17,-1
"531",1,2,46,14,-1
"532",2,9,146,44,-1
"533",1,23,73,22,-1
"534",1,28,120,36,-1
"535",2,15,44,13,-1
"536",1,9,63,19,-1
"537",2,28,60,18,-1
"538",1,4,37,11,-1
"539",2,26,68,21,-1
"540",1,17,17,6,-1
"541",1,12,76,23,-1
"542",2,18,18,6,-1
"543",2,21,8,3,-1
"544",2,20,103,31,-1
"545",1,30,103,31,-1
"546",1,18,32,10,-1
"547",2,15,10,3,-1
"548",2,22,150,45,-1
"549",2,5,63,19,-1
"550",1,4,46,14,-1
"551",1,19,148,44,-1
"552",2,22,6,2,-1
"553",1,16,64,19,-1
"554",1,27,85,26,-1
"555",1,10,19,6,-1
"556",2,29,61,19,-1
"557",1,14,146,44,-1
"558",2,12,58,18,-1
"559",2,24,23,7,-1
"560",1,15,70,21,-1
"561",1,5,139,42,-1
"562",2,7,69,21,-1
"563",1,16,103,31,-1
"564",2,14,59,18,-1
"565",2,6,83,25,-1
"566",1,22,38,12,-1
"567",2,8,45,14,-1
"568",2,17,149,44,-1
"569",1,5,15,5,-1
"570",2,10,121,36,-1
"571",2,19,59,18,-1
"572",1,7,116,35,-1
"573",2,4,73,22,-1
"574",2,21,67,20,-1
"575",1,22,68,21,-1
"576",2,29,29,9,-1
"577",2,26,33,10,-1
"578",2,14,115,34,-1
"579",2,27,25,8,-1
"580",1,17,110,33,-1
"581",1,18,148,44,-1
"582",2,8,25,8,-1
"583",2,6,17,6,-1
"584",2,8,41,13,-1
"585",2,24,18,6,-1
"586",1,21,42,13,-1
"587",1,14,54,16,-1
"588",1,20,142,42,-1
"589",1,14,65,20,-1
"590",2,13,131,39,-1
"591",1,16,98,29,-1
"592",1,14,147,44,-1
"593",2,23,8,3,-1
"594",2,2,36,11,-1
"595",2,26,3,1,-1
"596",1,30,141,42,-1
"597",1,26,46,14,-1
"598",1,20,57,17,-1
"599",1,12,46,14,-1
"600",2,4,142,42,-1
"601",2,11,14,5,-1
"602",1,20,6,2,-1
"603",1,7,95,29,-1
"604",2,25,78,24,-1
"605",2,4,45,14,-1
"606",2,8,42,13,-1
"607",1,30,129,39,-1
"608",1,8,69,21,-1
"609",2,3,4,2,-1
"610",2,16,123,37,-1
"611",1,3,127,38,-1
"612",1,30,92,28,-1
"613",1,9,66,20,-1
"614",2,30,107,32,-1
"615",2,17,62,19,-1
"616",1,9,96,29,-1
"617",2,8,116,35,-1
"618",1,7,51,16,-1
"619",1,8,52,16,-1
"620",2,25,134,40,-1
"621",1,3,16,5,-1
"622",2,29,37,11,-1
"623",2,30,79,24,-1
"624",2,6,15,5,-1
"625",2,23,3,1,-1
"626",1,13,64,19,-1
"627",1,8,137,41,-1
"628",1,17,43,13,-1
"629",1,21,67,20,-1
"630",1,6,90,27,-1
"631",2,19,149,44,-1
"632",1,25,97,29,-1
"633",1,12,90,27,-1
"634",1,25,53,16,-1
"635",2,16,108,32,-1
"636",2,30,16,5,-1
"637",2,6,58,18,-1
"638",1,17,98,29,-1
"639",1,2,139,42,-1
"640",2,28,135,40,-1
"641",2,21,104,31,-1
"642",2,2,19,6,-1
"643",2,25,32,10,-1
"644",2,12,59,18,-1
"645",1,6,3,1,-1
"646",2,30,75,23,-1
"647",1,29,45,14,-1
"648",2,15,67,20,-1
"649",1,18,14,5,-1
"650",1,4,69,21,-1
"651",1,30,51,16,-1
"652",1,27,19,6,-1
"653",2,18,15,5,-1
"654",2,4,43,13,-1
"655",2,29,118,35,-1
"656",1,6,34,11,-1
"657",1,9,46,14,-1
"658",1,18,68,21,-1
"659",2,6,53,16,-1
"660",1,8,56,17,-1
"661",1,15,28,9,-1
"662",2,29,14,5,-1
"663",2,25,20,6,-1
"664",2,17,122,37,-1
"665",2,16,132,39,-1
"666",2,6,93,28,-1
"667",2,11,98,29,-1
"668",2,20,126,38,-1
"669",2,29,145,43,-1
"670",1,17,68,21,-1
"671",1,2,94,28,-1
"672",1,22,37,11,-1
"673",1,1,10,3,-1
"674",2,12,3,1,-1
"675",1,15,47,14,-1
"676",1,5,119,36,-1
"677",2,9,87,26,-1
"678",1,10,75,23,-1
"679",1,22,140,42,-1
"680",1,9,6,2,-1
"681",2,14,69,21,-1
"682",2,27,34,11,-1
"683",2,2,150,45,-1
"684",1,23,93,28,-1
"685",1,11,37,11,-1
"686",2,19,17,6,-1
"687",2,8,119,36,-1
"688",1,6,67,20,-1
"689",2,9,72,22,-1
"690",2,6,144,43,-1
"691",2,21,57,17,-1
"692",1,20,144,43,-1
"693",1,2,52,16,-1
"694",2,2,104,31,-1
"695",2,5,19,6,-1
"696",2,18,87,26,-1
"697",1,14,110,33,-1
"698",1,14,134,40,-1
"699",1,25,34,11,-1
"700",2,18,133,40,-1
"701",1,14,36,11,-1
"702",2,7,12,4,-1
"703",1,20,83,25,-1
"704",1,29,80,24,-1
"705",2,15,82,25,-1
"706",2,26,31,10,-1
"707",2,13,24,8,-1
"708",2,4,5,2,-1
"709",1,6,97,29,-1
"710",2,20,140,42,-1
"711",1,14,141,42,-1
"712",1,13,69,21,-1
"713",1,19,29,9,-1
"714",1,5,105,32,-1
"715",2,7,40,12,-1
"716",1,9,118,35,-1
"717",1,27,6,2,-1
"718",2,19,99,30,-1
"719",2,4,29,9,-1
"720",2,10,49,15,-1
"721",1,12,19,6,-1
"722",1,20,84,25,-1
"723",2,6,71,21,-1
"724",1,13,142,42,-1
"725",2,2,41,13,-1
"726",2,15,83,25,-1
"727",2,16,82,25,-1
"728",1,17,87,26,-1
"729",1,4,144,43,-1
"730",1,12,75,23,-1
"731",1,24,138,41,-1
"732",1,20,77,23,-1
"733",1,17,13,4,-1
"734",1,24,72,22,-1
"735",2,30,27,8,-1
"736",1,11,123,37,-1
"737",2,30,31,10,-1
"738",1,4,56,17,-1
"739",1,22,27,8,-1
"740",2,6,84,25,-1
"741",1,20,70,21,-1
"742",1,11,11,4,-1
"743",2,30,145,43,-1
"744",1,28,70,21,-1
"745",1,28,74,22,-1
"746",2,23,28,9,-1
"747",1,30,143,43,-1
"748",1,8,19,6,-1
"749",2,18,91,27,-1
"750",1,29,129,39,-1
"751",2,16,68,21,-1
"752",1,25,75,23,-1
"753",2,13,30,9,-1
"754",2,7,88,26,-1
"755",1,11,70,21,-1
"756",2,10,90,27,-1
"757",2,8,21,7,-1
"758",2,9,90,27,-1
"759",1,9,51,16,-1
"760",1,19,67,20,-1
"761",2,2,12,4,-1
"762",2,26,4,2,-1
"763",2,25,36,11,-1
"764",1,25,45,14,-1
"765",1,15,43,13,-1
"766",1,4,133,40,-1
"767",1,28,53,16,-1
"768",1,25,148,44,-1
"769",1,23,82,25,-1
"770",2,7,92,28,-1
"771",2,30,112,34,-1
"772",2,15,46,14,-1
"773",2,15,74,22,-1
"774",2,24,32,10,-1
"775",1,27,10,3,-1
"776",2,7,126,38,-1
"777",1,30,101,30,-1
"778",1,5,134,40,-1
"779",2,6,106,32,-1
"780",1,9,107,32,-1
"781",1,19,143,43,-1
"782",2,10,10,3,-1
"783",2,29,139,42,-1
"784",1,11,138,41,-1
"785",1,13,78,24,-1
"786",1,2,85,26,-1
"787",1,17,132,39,-1
"788",1,15,124,37,-1
"789",1,11,132,39,-1
"790",1,7,44,13,-1
"791",2,5,64,19,-1
"792",2,8,4,2,-1
"793",2,10,131,39,-1
"794",2,18,49,15,-1
"795",1,16,17,6,-1
"796",2,11,40,12,-1
"797",2,29,119,36,-1
"798",1,22,106,32,-1
"799",2,12,119,36,-1
"800",1,13,62,19,-1
"801",2,8,123,37,-1
"802",2,18,67,20,-1
"803",1,25,58,18,-1
"804",2,20,112,34,-1
"805",2,18,118,35,-1
"806",2,19,124,37,-1
"807",1,9,32,10,-1
"808",1,10,99,30,-1
"809",1,10,15,5,-1
"810",2,10,41,13,-1
"811",1,13,63,19,-1
"812",2,7,108,32,-1
"813",1,30,75,23,-1
"814",1,5,116,35,-1
"815",2,26,26,8,-1
"816",2,22,72,22,-1
"817",1,4,12,4,-1
"818",1,17,129,39,-1
"819",2,24,133,40,-1
"820",1,13,32,10,-1
"821",1,25,67,20,-1
"822",2,24,99,30,-1
"823",1,2,118,35,-1
"824",1,6,12,4,-1
"825",1,24,137,41,-1
"826",1,17,7,3,-1
"827",2,21,59,18,-1
"828",2,1,143,43,-1
"829",2,9,140,42,-1
"830",1,9,4,2,-1
"831",1,15,148,44,-1
"832",2,18,77,23,-1
"833",1,28,112,34,-1
"834",1,9,9,3,-1
"835",2,7,148,44,-1
"836",2,5,114,34,-1
"837",2,17,121,36,-1
"838",2,22,24,8,-1
"839",1,17,83,25,-1
"840",1,5,143,43,-1
"841",2,11,65,20,-1
"842",2,9,39,12,-1
"843",2,12,148,44,-1
"844",2,8,9,3,-1
"845",1,29,145,43,-1
"846",2,19,142,42,-1
"847",1,2,35,11,-1
"848",2,6,85,26,-1
"849",1,4,83,25,-1
"850",1,30,53,16,-1
"851",1,6,115,34,-1
"852",2,26,14,5,-1
"853",2,8,90,27,-1
"854",1,12,133,40,-1
"855",1,19,110,33,-1
"856",2,7,29,9,-1
"857",2,24,27,8,-1
"858",1,3,20,6,-1
"859",1,27,46,14,-1
"860",1,13,38,12,-1
"861",2,4,133,40,-1
"862",2,18,135,40,-1
"863",1,12,10,3,-1
"864",1,6,9,3,-1
"865",1,7,8,3,-1
"866",1,14,16,5,-1
"867",2,30,88,26,-1
"868",2,23,146,44,-1
"869",1,20,117,35,-1
"870",2,29,109,33,-1
"871",1,16,61,19,-1
"872",2,19,134,40,-1
"873",1,28,22,7,-1
"874",2,15,95,29,-1
"875",1,2,13,4,-1
"876",1,5,74,22,-1
"877",2,19,95,29,-1
"878",1,20,3,1,-1
"879",1,18,110,33,-1
"880",1,3,34,11,-1
"881",2,9,31,10,-1
"882",2,28,41,13,-1
"883",2,21,66,20,-1
"884",1,15,106,32,-1
"885",1,19,101,30,-1
"886",1,4,39,12,-1
"887",2,14,96,29,-1
"888",2,27,39,12,-1
"889",2,28,134,40,-1
"890",1,4,25,8,-1
"891",1,17,54,16,-1
"892",2,23,108,32,-1
"893",1,20,118,35,-1
"894",2,29,40,12,-1
"895",2,13,55,17,-1
"896",1,4,27,8,-1
"897",2,13,17,6,-1
"898",1,25,143,43,-1
"899",1,12,51,16,-1
"900",2,9,7,3,-1
"901",2,18,109,33,-1
"902",2,5,110,33,-1
"903",2,13,5,2,-1
"904",1,13,94,28,-1
"905",1,5,49,15,-1
"906",2,13,132,39,-1
"907",1,8,68,21,-1
"908",1,4,58,18,-1
"909",1,7,72,22,-1
"910",1,22,77,23,-1
"911",1,18,43,13,-1
"912",1,29,68,21,-1
"913",2,14,14,5,-1
"914",1,15,61,19,-1
"915",2,14,51,16,-1
"916",1,5,81,24,-1
"917",2,6,72,22,-1
"918",2,4,26,8,-1
"919",2,29,143,43,-1
"920",1,29,55,17,-1
"921",1,24,124,37,-1
"922",1,15,21,7,-1
"923",1,1,49,15,-1
"924",1,21,19,6,-1
"925",2,18,106,32,-1
"926",2,18,45,14,-1
"927",1,11,119,36,-1
"928",2,23,88,26,-1
"929",1,9,131,39,-1
"930",1,23,133,40,-1
"931",2,30,40,12,-1
"932",2,5,95,29,-1
"933",1,20,19,6,-1
"934",1,8,93,28,-1
"935",2,27,2,1,-1
"936",1,10,71,21,-1
"937",2,18,80,24,-1
"938",1,5,71,21,-1
"939",2,15,9,3,-1
"940",2,9,12,4,-1
"941",1,20,15,5,-1
"942",2,4,110,33,-1
"943",1,12,118,35,-1
"944",2,3,106,32,-1
"945",1,16,3,1,-1
"946",1,13,76,23,-1
"947",2,21,134,40,-1
"948",1,21,110,33,-1
"949",2,25,88,26,-1
"950",2,13,133,40,-1
"951",2,9,71,21,-1
"952",1,30,52,16,-1
"953",1,27,119,36,-1
"954",2,25,58,18,-1
"955",1,28,111,33,-1
"956",1,17,21,7,-1
"957",1,25,19,6,-1
"958",1,29,81,24,-1
"959",2,30,35,11,-1
"960",2,19,133,40,-1
"961",1,3,11,4,-1
"962",2,9,10,3,-1
"963",1,3,120,36,-1
"964",2,28,42,13,-1
"965",1,19,13,4,-1
"966",2,17,131,39,-1
"967",1,6,43,13,-1
"968",2,7,119,36,-1
"969",2,9,115,34,-1
"970",2,11,128,38,-1
"971",2,1,31,10,-1
"972",1,15,15,5,-1
"973",1,20,37,11,-1
"974",2,1,38,12,-1
"975",2,30,5,2,-1
"976",2,3,140,42,-1
"977",1,30,77,23,-1
"978",2,4,13,4,-1
"979",2,21,42,13,-1
"980",2,28,148,44,-1
"981",2,1,123,37,-1
"982",2,22,115,34,-1
"983",2,28,140,42,-1
"984",2,16,20,6,-1
"985",1,13,126,38,-1
"986",2,15,131,39,-1
"987",2,28,128,38,-1
"988",2,2,17,6,-1
"989",2,17,43,13,-1
"990",1,19,121,36,-1
"991",1,29,134,40,-1
"992",2,4,144,43,-1
"993",1,30,84,25,-1
"994",2,20,119,36,-1
"995",1,6,139,42,-1
"996",2,26,46,14,-1
"997",1,23,47,14,-1
"998",2,9,136,41,-1
"999",2,7,45,14,-1
"1000",1,4,71,21,-1
"1001",2,21,5,2,-1
"1002",1,16,96,29,-1
"1003",1,10,132,39,-1
"1004",2,2,24,8,-1
"1005",1,28,102,31,-1
"1006",1,26,69,21,-1
"1007",2,19,9,3,-1
"1008",1,9,150,45,-1
"1009",1,1,33,10,-1
"1010",2,17,112,34,-1
"1011",1,17,126,38,-1
"1012",2,12,19,6,-1
"1013",2,30,48,15,-1
"1014",1,6,47,14,-1
"1015",2,18,29,9,-1
"1016",1,16,15,5,-1
"1017",2,23,138,41,-1
"1018",1,28,138,41,-1
"1019",2,14,61,19,-1
"1020",1,4,106,32,-1
"1021",2,21,55,17,-1
"1022",1,29,3,1,-1
"1023",1,9,113,34,-1
"1024",2,1,40,12,-1
"1025",2,17,7,3,-1
"1026",1,6,52,16,-1
"1027",2,2,144,43,-1
"1028",1,19,109,33,-1
"1029",1,19,108,32,-1
"1030",1,5,94,28,-1
"1031",2,18,115,34,-1
"1032",2,30,103,31,-1
"1033",1,1,51,16,-1
"1034",2,26,106,32,-1
"1035",2,14,100,30,-1
"1036",1,18,69,21,-1
"1037",2,24,63,19,-1
"1038",1,9,65,20,-1
"1039",1,30,130,39,-1
"1040",1,1,68,21,-1
"1041",1,27,52,16,-1
"1042",1,15,53,16,-1
"1043",2,29,110,33,-1
"1044",2,22,129,39,-1
"1045",2,11,112,34,-1
"1046",2,20,59,18,-1
"1047",1,13,97,29,-1
"1048",2,7,66,20,-1
"1049",1,7,69,21,-1
"1050",1,28,90,27,-1
"1051",2,11,28,9,-1
"1052",1,9,5,2,-1
"1053",1,17,141,42,-1
"1054",1,5,127,38,-1
"1055",1,9,53,16,-1
"1056",2,11,60,18,-1
"1057",1,2,113,34,-1
"1058",2,26,50,15,-1
"1059",1,7,4,2,-1
"1060",2,4,139,42,-1
"1061",1,10,4,2,-1
"1062",1,2,115,34,-1
"1063",1,29,51,16,-1
"1064",1,19,22,7,-1
"1065",1,2,96,29,-1
"1066",1,17,51,16,-1
"1067",1,17,89,27,-1
"1068",1,17,20,6,-1
"1069",1,23,62,19,-1
"1070",2,13,127,38,-1
"1071",2,13,145,43,-1
"1072",2,4,55,17,-1
"1073",1,16,127,38,-1
"1074",2,20,108,32,-1
"1075",1,20,32,10,-1
"1076",1,6,51,16,-1
"1077",1,9,48,15,-1
"1078",2,14,36,11,-1
"1079",1,16,46,14,-1
"1080",2,20,98,29,-1
"1081",1,21,27,8,-1
"1082",1,7,88,26,-1
"1083",1,6,112,34,-1
"1084",2,14,20,6,-1
"1085",2,6,102,31,-1
"1086",2,22,33,10,-1
"1087",2,1,141,42,-1
"1088",2,22,48,15,-1
"1089",2,13,20,6,-1
"1090",1,17,78,24,-1
"1091",1,2,106,32,-1
"1092",2,30,143,43,-1
"1093",1,6,64,19,-1
"1094",1,9,97,29,-1
"1095",2,14,109,33,-1
"1096",2,4,135,40,-1
"1097",2,29,84,25,-1
"1098",2,29,21,7,-1
"1099",1,28,9,3,-1
"1100",1,21,116,35,-1
"1101",2,13,147,44,-1
"1102",1,1,74,22,-1
"1103",1,11,13,4,-1
"1104",2,25,102,31,-1
"1105",1,1,46,14,-1
"1106",1,29,88,26,-1
"1107",1,16,142,42,-1
"1108",2,1,63,19,-1
"1109",1,18,60,18,-1
"1110",2,11,8,3,-1
"1111",1,27,60,18,-1
"1112",2,22,16,5,-1
"1113",2,29,112,34,-1
"1114",2,12,138,41,-1
"1115",1,16,32,10,-1
"1116",1,9,21,7,-1
"1117",1,15,75,23,-1
"1118",1,28,68,21,-1
"1119",1,22,11,4,-1
"1120",2,24,139,42,-1
"1121",2,5,54,16,-1
"1122",2,9,20,6,-1
"1123",2,13,60,18,-1
"1124",1,25,116,35,-1
"1125",2,8,109,33,-1
"1126",2,12,134,40,-1
"1127",2,17,110,33,-1
"1128",1,17,30,9,-1
"1129",1,17,41,13,-1
"1130",1,11,22,7,-1
"1131",2,9,102,31,-1
"1132",1,1,122,37,-1
"1133",2,29,36,11,-1
"1134",1,26,76,23,-1
"1135",1,14,40,12,-1
"1136",2,2,22,7,-1
"1137",1,23,3,1,-1
"1138",1,29,35,11,-1
"1139",1,6,141,42,-1
"1140",1,7,37,11,-1
"1141",2,3,77,23,-1
"1142",2,12,56,17,-1
"1143",1,13,103,31,-1
"1144",1,25,94,28,-1
"1145",2,6,77,23,-1
"1146",2,4,28,9,-1
"1147",1,3,44,13,-1
"1148",2,21,127,38,-1
"1149",2,2,27,8,-1
"1150",2,5,68,21,-1
"1151",1,21,96,29,-1
"1152",2,8,56,17,-1
"1153",2,14,26,8,-1
"1154",2,3,67,20,-1
"1155",1,9,103,31,-1
"1156",2,27,68,21,-1
"1157",1,6,87,26,-1
"1158",1,25,68,21,-1
"1159",1,16,52,16,-1
"1160",2,8,82,25,-1
"1161",2,26,100,30,-1
"1162",2,12,36,11,-1
"1163",2,8,115,34,-1
"1164",1,2,122,37,-1
"1165",2,27,21,7,-1
"1166",2,24,96,29,-1
"1167",1,6,60,18,-1
"1168",2,18,125,37,-1
"1169",1,22,131,39,-1
"1170",1,15,93,28,-1
"1171",1,27,21,7,-1
"1172",1,11,118,35,-1
"1173",1,30,91,27,-1
"1174",1,29,70,21,-1
"1175",1,6,110,33,-1
"1176",1,8,8,3,-1
"1177",2,13,64,19,-1
"1178",2,3,15,5,-1
"1179",1,4,132,39,-1
"1180",1,29,104,31,-1
"1181",1,18,52,16,-1
"1182",2,28,14,5,-1
"1183",2,4,57,17,-1
"1184",1,12,69,21,-1
"1185",1,11,64,19,-1
"1186",2,3,33,10,-1
"1187",2,15,106,32,-1
"1188",2,18,99,30,-1
"1189",1,7,101,30,-1
"1190",2,7,78,24,-1
"1191",1,23,72,22,-1
"1192",2,15,115,34,-1
"1193",2,7,20,6,-1
"1194",1,12,96,29,-1
"1195",2,17,96,29,-1
"1196",2,8,118,35,-1
"1197",1,28,139,42,-1
"1198",1,11,110,33,-1
"1199",1,28,6,2,-1
"1200",2,7,60,18,-1
"1201",1,20,51,16,-1
"1202",2,30,126,38,-1
"1203",2,29,73,22,-1
"1204",2,25,64,19,-1
"1205",1,18,27,8,-1
"1206",1,10,134,40,-1
"1207",2,18,139,42,-1
"1208",1,14,112,34,-1
"1209",2,11,90,27,-1
"1210",1,12,14,5,-1
"1211",1,9,136,41,-1
"1212",1,12,127,38,-1
"1213",2,20,63,19,-1
"1214",1,7,128,38,-1
"1215",1,16,50,15,-1
"1216",1,5,112,34,-1
"1217",1,11,5,2,-1
"1218",1,1,95,29,-1
"1219",1,3,2,1,-1
"1220",1,9,128,38,-1
"1221",1,8,129,39,-1
"1222",2,8,107,32,-1
"1223",2,28,101,30,-1
"1224",1,20,46,14,-1
"1225",2,15,144,43,-1
"1226",1,16,67,20,-1
"1227",1,1,8,3,-1
"1228",2,4,112,34,-1
"1229",2,15,27,8,-1
"1230",2,25,75,23,-1
"1231",1,10,104,31,-1
"1232",1,18,28,9,-1
"1233",2,3,85,26,-1
"1234",1,28,123,37,-1
"1235",2,6,130,39,-1
"1236",1,11,48,15,-1
"1237",2,28,15,5,-1
"1238",2,30,77,23,-1
"1239",1,12,11,4,-1
"1240",2,4,69,21,-1
"1241",1,21,89,27,-1
"1242",1,14,3,1,-1
"1243",1,12,78,24,-1
"1244",1,17,37,11,-1
"1245",1,30,2,1,-1
"1246",1,3,124,37,-1
"1247",2,22,81,24,-1
"1248",2,19,34,11,-1
"1249",1,28,92,28,-1
"1250",1,20,133,40,-1
"1251",2,21,135,40,-1
"1252",1,28,56,17,-1
"1253",1,23,105,32,-1
"1254",1,12,54,16,-1
"1255",1,21,59,18,-1
"1256",1,24,73,22,-1
"1257",2,15,84,25,-1
"1258",1,19,122,37,-1
"1259",1,12,56,17,-1
"1260",1,12,70,21,-1
"1261",1,17,117,35,-1
"1262",2,25,112,34,-1
"1263",1,14,69,21,-1
"1264",2,15,40,12,-1
"1265",1,19,24,8,-1
"1266",2,9,52,16,-1
"1267",2,21,150,45,-1
"1268",1,30,147,44,-1
"1269",1,29,108,32,-1
"1270",1,25,47,14,-1
"1271",1,3,84,25,-1
"1272",2,1,57,17,-1
"1273",1,22,40,12,-1
"1274",2,28,63,19,-1
"1275",2,28,38,12,-1
"1276",1,21,129,39,-1
"1277",2,3,7,3,-1
"1278",1,3,78,24,-1
"1279",2,29,108,32,-1
"1280",1,12,94,28,-1
"1281",1,27,48,15,-1
"1282",2,18,116,35,-1
"1283",1,24,110,33,-1
"1284",2,28,12,4,-1
"1285",2,6,12,4,-1
"1286",2,30,63,19,-1
"1287",2,24,125,37,-1
"1288",1,11,63,19,-1
"1289",1,13,87,26,-1
"1290",1,4,134,40,-1
"1291",1,3,52,16,-1
"1292",1,2,80,24,-1
"1293",1,18,131,39,-1
"1294",1,30,78,24,-1
"1295",1,3,54,16,-1
"1296",1,15,131,39,-1
"1297",1,15,147,44,-1
"1298",1,13,65,20,-1
"1299",2,19,65,20,-1
"1300",2,12,130,39,-1
"1301",2,19,7,3,-1
"1302",1,2,50,15,-1
"1303",2,4,72,22,-1
"1304",2,20,30,9,-1
"1305",1,6,65,20,-1
"1306",1,1,111,33,-1
"1307",1,9,90,27,-1
"1308",2,23,133,40,-1
"1309",1,17,62,19,-1
"1310",2,25,132,39,-1
"1311",1,6,39,12,-1
"1312",1,1,136,41,-1
"1313",2,12,35,11,-1
"1314",1,23,32,10,-1
"1315",2,26,149,44,-1
"1316",1,4,97,29,-1
"1317",2,1,3,1,-1
"1318",1,30,107,32,-1
"1319",2,2,50,15,-1
"1320",1,25,117,35,-1
"1321",2,9,17,6,-1
"1322",1,22,103,31,-1
"1323",2,13,40,12,-1
"1324",1,3,142,42,-1
"1325",1,20,58,18,-1
"1326",2,26,140,42,-1
"1327",1,2,31,10,-1
"1328",1,1,59,18,-1
"1329",1,6,99,30,-1
"1330",2,17,140,42,-1
"1331",1,14,37,11,-1
"1332",2,5,105,32,-1
"1333",2,27,100,30,-1
"1334",2,2,72,22,-1
"1335",1,10,122,37,-1
"1336",2,19,112,34,-1
"1337",1,25,118,35,-1
"1338",2,8,48,15,-1
"1339",1,21,58,18,-1
"1340",1,30,50,15,-1
"1341",2,11,67,20,-1
"1342",2,30,26,8,-1
"1343",1,26,62,19,-1
"1344",2,23,75,23,-1
"1345",1,8,78,24,-1
"1346",1,16,147,44,-1
"1347",1,20,110,33,-1
"1348",1,8,110,33,-1
"1349",1,27,128,38,-1
"1350",1,13,148,44,-1
"1351",1,23,86,26,-1
"1352",1,17,33,10,-1
"1353",2,7,35,11,-1
"1354",2,10,57,17,-1
"1355",2,16,146,44,-1
"1356",1,11,4,2,-1
"1357",2,27,33,10,-1
"1358",1,14,45,14,-1
"1359",2,29,126,38,-1
"1360",1,14,24,8,-1
"1361",1,22,97,29,-1
"1362",2,7,100,30,-1
"1363",2,20,147,44,-1
"1364",2,19,98,29,-1
"1365",2,14,101,30,-1
"1366",2,4,138,41,-1
"1367",2,20,49,15,-1
"1368",1,21,94,28,-1
"1369",2,7,86,26,-1
"1370",1,20,61,19,-1
"1371",2,20,101,30,-1
"1372",2,28,4,2,-1
"1373",2,18,4,2,-1
"1374",2,27,77,23,-1
"1375",2,11,25,8,-1
"1376",2,6,112,34,-1
"1377",1,28,87,26,-1
"1378",1,20,12,4,-1
"1379",2,11,147,44,-1
"1380",1,28,121,36,-1
"1381",1,5,150,45,-1
"1382",1,15,117,35,-1
"1383",2,24,107,32,-1
"1384",2,13,68,21,-1
"1385",1,16,6,2,-1
"1386",2,13,73,22,-1
"1387",1,17,44,13,-1
"1388",2,16,56,17,-1
"1389",2,12,117,35,-1
"1390",2,29,138,41,-1
"1391",1,28,24,8,-1
"1392",1,2,145,43,-1
"1393",2,16,92,28,-1
"1394",2,14,48,15,-1
"1395",2,19,20,6,-1
"1396",1,16,80,24,-1
"1397",1,6,23,7,-1
"1398",1,9,87,26,-1
"1399",1,21,30,9,-1
"1400",1,2,30,9,-1
"1401",2,29,64,19,-1
"1402",2,19,110,33,-1
"1403",1,22,34,11,-1
"1404",2,1,108,32,-1
"1405",2,29,115,34,-1
"1406",1,25,140,42,-1
"1407",1,12,134,40,-1
"1408",2,7,144,43,-1
"1409",1,15,108,32,-1
"1410",1,19,63,19,-1
"1411",1,2,37,11,-1
"1412",2,24,24,8,-1
"1413",1,17,65,20,-1
"1414",2,25,144,43,-1
"1415",2,6,68,21,-1
"1416",2,14,93,28,-1
"1417",1,3,119,36,-1
"1418",1,28,52,16,-1
"1419",2,11,29,9,-1
"1420",2,17,21,7,-1
"1421",1,18,98,29,-1
"1422",2,30,14,5,-1
"1423",2,24,132,39,-1
"1424",2,2,140,42,-1
"1425",1,4,91,27,-1
"1426",1,16,107,32,-1
"1427",1,12,77,23,-1
"1428",1,29,77,23,-1
"1429",2,21,79,24,-1
"1430",2,18,52,16,-1
"1431",2,10,20,6,-1
"1432",2,20,21,7,-1
"1433",1,6,72,22,-1
"1434",1,29,39,12,-1
"1435",2,26,23,7,-1
"1436",2,19,122,37,-1
"1437",1,7,137,41,-1
"1438",1,17,119,36,-1
"1439",2,21,120,36,-1
"1440",2,15,69,21,-1
"1441",1,13,23,7,-1
"1442",1,10,97,29,-1
"1443",1,24,91,27,-1
"1444",2,5,99,30,-1
"1445",2,13,39,12,-1
"1446",2,24,117,35,-1
"1447",1,13,18,6,-1
"1448",1,24,37,11,-1
"1449",1,29,149,44,-1
"1450",1,17,60,18,-1
"1451",2,13,25,8,-1
"1452",2,24,70,21,-1
"1453",1,16,109,33,-1
"1454",2,5,3,1,-1
"1455",1,14,17,6,-1
"1456",2,23,125,37,-1
"1457",2,11,17,6,-1
"1458",1,29,53,16,-1
"1459",2,9,135,40,-1
"1460",1,16,36,11,-1
"1461",2,29,123,37,-1
"1462",2,30,122,37,-1
"1463",1,6,81,24,-1
"1464",1,15,26,8,-1
"1465",2,23,48,15,-1
"1466",2,2,130,39,-1
"1467",1,14,8,3,-1
"1468",1,8,40,12,-1
"1469",1,24,102,31,-1
"1470",1,23,46,14,-1
"1471",2,18,114,34,-1
"1472",2,29,55,17,-1
"1473",1,22,15,5,-1
"1474",1,27,75,23,-1
"1475",1,6,26,8,-1
"1476",1,30,79,24,-1
"1477",2,25,129,39,-1
"1478",2,11,105,32,-1
"1479",2,25,60,18,-1
"1480",1,18,3,1,-1
"1481",1,4,95,29,-1
"1482",2,16,13,4,-1
"1483",1,13,135,40,-1
"1484",2,27,76,23,-1
"1485",2,13,84,25,-1
"1486",2,18,48,15,-1
"1487",2,12,89,27,-1
"1488",1,19,53,16,-1
"1489",2,25,53,16,-1
"1490",1,19,78,24,-1
"1491",2,8,77,23,-1
"1492",1,23,97,29,-1
"1493",1,20,121,36,-1
"1494",1,28,81,24,-1
"1495",2,5,82,25,-1
"1496",1,10,148,44,-1
"1497",1,29,50,15,-1
"1498",2,11,132,39,-1
"1499",2,25,124,37,-1
"1500",2,3,113,34,-1
"1501",1,5,84,25,-1
"1502",2,14,65,20,-1
"1503",1,30,59,18,-1
"1504",1,8,119,36,-1
"1505",2,1,128,38,-1
"1506",1,20,43,13,-1
"1507",2,5,108,32,-1
"1508",2,18,130,39,-1
"1509",1,20,97,29,-1
"1510",1,24,48,15,-1
"1511",2,17,79,24,-1
"1512",2,14,8,3,-1
"1513",2,19,123,37,-1
"1514",1,1,71,21,-1
"1515",1,13,61,19,-1
"1516",2,15,143,43,-1
"1517",1,16,110,33,-1
"1518",1,23,8,3,-1
"1519",1,28,101,30,-1
"1520",1,3,51,16,-1
"1521",2,16,74,22,-1
"1522",2,18,55,17,-1
"1523",1,26,83,25,-1
"1524",1,17,142,42,-1
"1525",2,27,91,27,-1
"1526",1,4,61,19,-1
"1527",2,25,35,11,-1
"1528",1,19,26,8,-1
"1529",2,27,41,13,-1
"1530",2,12,23,7,-1
"1531",1,24,41,13,-1
"1532",1,21,8,3,-1
"1533",1,3,101,30,-1
"1534",2,25,10,3,-1
"1535",1,30,55,17,-1
"1536",2,30,71,21,-1
"1537",2,22,97,29,-1
"1538",2,5,61,19,-1
"1539",1,9,147,44,-1
"1540",2,20,97,29,-1
"1541",1,7,142,42,-1
"1542",2,28,77,23,-1
"1543",2,27,53,16,-1
"1544",1,26,2,1,-1
"1545",1,17,149,44,-1
"1546",2,15,137,41,-1
"1547",1,22,111,33,-1
"1548",2,7,25,8,-1
"1549",1,16,25,8,-1
"1550",2,22,123,37,-1
"1551",1,7,58,18,-1
"1552",2,1,84,25,-1
"1553",2,8,114,34,-1
"1554",2,8,133,40,-1
"1555",1,14,128,38,-1
"1556",1,10,80,24,-1
"1557",1,26,16,5,-1
"1558",1,18,89,27,-1
"1559",2,20,135,40,-1
"1560",2,14,116,35,-1
"1561",1,15,139,42,-1
"1562",1,29,14,5,-1
"1563",2,8,79,24,-1
"1564",2,6,75,23,-1
"1565",2,16,129,39,-1
"1566",2,12,78,24,-1
"1567",2,27,132,39,-1
"1568",2,29,90,27,-1
"1569",2,8,73,22,-1
"1570",1,9,24,8,-1
"1571",2,5,13,4,-1
"1572",1,6,136,41,-1
"1573",1,11,34,11,-1
"1574",2,11,81,24,-1
"1575",2,17,124,37,-1
"1576",2,7,59,18,-1
"1577",2,13,48,15,-1
"1578",2,12,29,9,-1
"1579",2,2,25,8,-1
"1580",2,11,122,37,-1
"1581",2,17,19,6,-1
"1582",1,15,24,8,-1
"1583",1,1,3,1,-1
"1584",2,20,138,41,-1
"1585",2,19,19,6,-1
"1586",1,25,70,21,-1
"1587",2,27,36,11,-1
"1588",2,28,139,42,-1
"1589",1,9,36,11,-1
"1590",2,7,112,34,-1
"1591",2,1,93,28,-1
"1592",2,7,80,24,-1
"1593",2,25,111,33,-1
"1594",1,11,137,41,-1
"1595",1,3,83,25,-1
"1596",1,27,33,10,-1
"1597",1,23,50,15,-1
"1598",2,4,61,19,-1
"1599",1,10,24,8,-1
"1600",1,15,138,41,-1
"1601",1,10,115,34,-1
"1602",1,15,72,22,-1
"1603",1,1,64,19,-1
"1604",2,23,43,13,-1
"1605",2,21,93,28,-1
"1606",2,26,45,14,-1
"1607",2,12,18,6,-1
"1608",2,9,138,41,-1
"1609",2,29,95,29,-1
"1610",1,4,79,24,-1
"1611",1,25,61,19,-1
"1612",2,7,71,21,-1
"1613",2,13,75,23,-1
"1614",2,26,109,33,-1
"1615",1,4,84,25,-1
"1616",2,4,111,33,-1
"1617",1,12,23,7,-1
"1618",2,11,79,24,-1
"1619",1,22,121,36,-1
"1620",2,4,25,8,-1
"1621",2,17,8,3,-1
"1622",1,5,25,8,-1
"1623",1,14,104,31,-1
"1624",1,5,20,6,-1
"1625",1,20,128,38,-1
"1626",1,23,131,39,-1
"1627",1,8,144,43,-1
"1628",1,25,37,11,-1
"1629",1,14,125,37,-1
"1630",1,15,4,2,-1
"1631",2,13,43,13,-1
"1632",2,1,20,6,-1
"1633",2,28,79,24,-1
"1634",2,22,138,41,-1
"1635",1,20,22,7,-1
"1636",1,19,38,12,-1
"1637",1,9,74,22,-1
"1638",1,7,39,12,-1
"1639",2,22,44,13,-1
"1640",2,17,148,44,-1
"1641",1,18,24,8,-1
"1642",1,22,147,44,-1
"1643",2,16,90,27,-1
"1644",2,3,28,9,-1
"1645",2,10,95,29,-1
"1646",2,10,85,26,-1
"1647",2,17,69,21,-1
"1648",1,28,82,25,-1
"1649",2,24,54,16,-1
"1650",2,9,111,33,-1
"1651",2,23,143,43,-1
"1652",1,20,147,44,-1
"1653",2,24,95,29,-1
"1654",1,25,13,4,-1
"1655",1,7,139,42,-1
"1656",2,7,49,15,-1
"1657",1,28,89,27,-1
"1658",1,19,31,10,-1
"1659",1,23,69,21,-1
"1660",2,15,19,6,-1
"1661",2,5,52,16,-1
"1662",1,24,122,37,-1
"1663",1,22,118,35,-1
"1664",1,17,53,16,-1
"1665",1,21,31,10,-1
"1666",2,3,98,29,-1
"1667",2,12,52,16,-1
"1668",1,21,121,36,-1
"1669",2,17,100,30,-1
"1670",1,4,82,25,-1
"1671",2,23,56,17,-1
"1672",2,21,128,38,-1
"1673",1,24,101,30,-1
"1674",1,15,65,20,-1
"1675",1,10,89,27,-1
"1676",1,11,103,31,-1
"1677",2,28,66,20,-1
"1678",1,12,110,33,-1
"1679",1,19,41,13,-1
"1680",1,30,106,32,-1
"1681",2,21,19,6,-1
"1682",2,16,53,16,-1
"1683",1,4,130,39,-1
"1684",2,4,56,17,-1
"1685",1,5,64,19,-1
"1686",1,22,12,4,-1
"1687",2,21,41,13,-1
"1688",1,28,26,8,-1
"1689",1,3,93,28,-1
"1690",1,4,28,9,-1
"1691",1,28,95,29,-1
"1692",2,25,8,3,-1
"1693",1,18,70,21,-1
"1694",2,17,67,20,-1
"1695",2,20,122,37,-1
"1696",1,6,27,8,-1
"1697",2,2,95,29,-1
"1698",2,22,112,34,-1
"1699",2,6,56,17,-1
"1700",2,27,125,37,-1
"1701",1,13,100,30,-1
"1702",2,15,86,26,-1
"1703",1,26,93,28,-1
"1704",1,4,32,10,-1
"1705",2,12,54,16,-1
"1706",2,9,116,35,-1
"1707",1,28,130,39,-1
"1708",2,7,115,34,-1
"1709",1,5,24,8,-1
"1710",1,13,19,6,-1
"1711",1,10,63,19,-1
"1712",2,19,45,14,-1
"1713",2,22,55,17,-1
"1714",2,9,63,19,-1
"1715",1,16,105,32,-1
"1716",1,21,50,15,-1
"1717",2,15,30,9,-1
"1718",1,20,68,21,-1
"1719",1,2,71,21,-1
"1720",1,13,113,34,-1
"1721",1,12,128,38,-1
"1722",1,6,10,3,-1
"1723",2,3,126,38,-1
"1724",1,3,150,45,-1
"1725",2,10,40,12,-1
"1726",2,5,120,36,-1
"1727",2,21,39,12,-1
"1728",1,3,60,18,-1
"1729",1,12,117,35,-1
"1730",1,3,47,14,-1
"1731",1,24,150,45,-1
"1732",1,22,70,21,-1
"1733",2,11,39,12,-1
"1734",2,27,95,29,-1
"1735",1,2,93,28,-1
"1736",1,19,132,39,-1
"1737",1,4,7,3,-1
"1738",1,24,85,26,-1
"1739",2,12,65,20,-1
"1740",1,7,109,33,-1
"1741",1,24,90,27,-1
"1742",1,22,17,6,-1
"1743",1,5,85,26,-1
"1744",1,9,86,26,-1
"1745",2,16,76,23,-1
"1746",2,7,113,34,-1
"1747",2,26,77,23,-1
"1748",2,21,105,32,-1
"1749",1,2,131,39,-1
"1750",2,1,145,43,-1
"1751",1,27,82,25,-1
"1752",1,23,146,44,-1
"1753",1,13,12,4,-1
"1754",1,8,106,32,-1
"1755",1,2,79,24,-1
"1756",2,27,30,9,-1
"1757",1,12,4,2,-1
"1758",1,12,129,39,-1
"1759",1,19,140,42,-1
"1760",1,18,134,40,-1
"1761",1,29,12,4,-1
"1762",1,20,21,7,-1
"1763",2,30,28,9,-1
"1764",2,26,22,7,-1
"1765",1,8,10,3,-1
"1766",2,13,94,28,-1
"1767",2,14,11,4,-1
"1768",1,26,27,8,-1
"1769",1,26,123,37,-1
"1770",1,6,69,21,-1
"1771",2,6,23,7,-1
"1772",2,6,6,2,-1
"1773",2,26,134,40,-1
"1774",2,19,141,42,-1
"1775",2,9,19,6,-1
"1776",2,10,19,6,-1
"1777",1,11,36,11,-1
"1778",2,27,70,21,-1
"1779",2,10,22,7,-1
"1780",2,23,72,22,-1
"1781",2,3,110,33,-1
"1782",1,8,109,33,-1
"1783",2,8,65,20,-1
"1784",2,8,13,4,-1
"1785",2,21,11,4,-1
"1786",1,6,82,25,-1
"1787",1,7,57,17,-1
"1788",1,9,18,6,-1
"1789",1,14,14,5,-1
"1790",2,16,89,27,-1
"1791",2,1,91,27,-1
"1792",2,27,51,16,-1
"1793",1,24,83,25,-1
"1794",1,14,117,35,-1
"1795",1,7,105,32,-1
"1796",1,22,7,3,-1
"1797",2,23,120,36,-1
"1798",1,15,146,44,-1
"1799",1,13,35,11,-1
"1800",2,21,106,32,-1
"1801",1,9,37,11,-1
"1802",1,2,6,2,-1
"1803",2,16,148,44,-1
"1804",2,22,37,11,-1
"1805",2,18,111,33,-1
"1806",2,25,131,39,-1
"1807",1,6,76,23,-1
"1808",1,1,124,37,-1
"1809",1,15,128,38,-1
"1810",2,20,41,13,-1
"1811",2,27,104,31,-1
"1812",2,8,68,21,-1
"1813",2,28,110,33,-1
"1814",2,27,112,34,-1
"1815",1,29,54,16,-1
"1816",1,11,136,41,-1
"1817",1,3,66,20,-1
"1818",1,20,4,2,-1
"1819",2,25,27,8,-1
"1820",1,24,141,42,-1
"1821",2,28,98,29,-1
"1822",1,14,102,31,-1
"1823",2,17,138,41,-1
"1824",2,28,107,32,-1
"1825",1,12,27,8,-1
"1826",1,7,121,36,-1
"1827",1,10,41,13,-1
"1828",1,7,28,9,-1
"1829",1,6,33,10,-1
"1830",2,26,130,39,-1
"1831",2,17,68,21,-1
"1832",1,22,55,17,-1
"1833",2,2,53,16,-1
"1834",1,12,136,41,-1
"1835",2,7,147,44,-1
"1836",2,1,80,24,-1
"1837",1,29,52,16,-1
"1838",1,7,113,34,-1
"1839",1,16,10,3,-1
"1840",1,6,57,17,-1
"1841",2,15,126,38,-1
"1842",2,3,14,5,-1
"1843",2,20,60,18,-1
"1844",1,27,114,34,-1
"1845",2,12,63,19,-1
"1846",2,1,94,28,-1
"1847",2,26,129,39,-1
"1848",1,10,112,34,-1
"1849",1,23,128,38,-1
"1850",1,26,99,30,-1
"1851",1,26,25,8,-1
"1852",1,5,23,7,-1
"1853",1,21,12,4,-1
"1854",2,4,84,25,-1
"1855",1,5,69,21,-1
"1856",2,16,83,25,-1
"1857",2,16,77,23,-1
"1858",2,22,36,11,-1
"1859",2,30,70,21,-1
"1860",1,27,123,37,-1
"1861",1,10,32,10,-1
"1862",2,18,9,3,-1
"1863",2,19,105,32,-1
"1864",2,14,125,37,-1
"1865",2,22,13,4,-1
"1866",1,26,85,26,-1
"1867",1,21,95,29,-1
"1868",2,19,146,44,-1
"1869",1,8,102,31,-1
"1870",1,28,131,39,-1
"1871",2,10,27,8,-1
"1872",1,8,24,8,-1
"1873",2,29,101,30,-1
"1874",1,14,91,27,-1
"1875",1,25,103,31,-1
"1876",1,18,58,18,-1
"1877",1,17,115,34,-1
"1878",2,13,141,42,-1
"1879",2,17,26,8,-1
"1880",1,17,36,11,-1
"1881",2,28,64,19,-1
"1882",1,4,4,2,-1
"1883",2,8,39,12,-1
"1884",2,8,72,22,-1
"1885",2,23,141,42,-1
"1886",2,3,109,33,-1
"1887",1,4,86,26,-1
"1888",1,7,130,39,-1
"1889",2,7,142,42,-1
"1890",1,29,94,28,-1
"1891",1,6,11,4,-1
"1892",2,6,103,31,-1
"1893",2,26,145,43,-1
"1894",2,17,93,28,-1
"1895",2,19,79,24,-1
"1896",1,8,117,35,-1
"1897",2,11,7,3,-1
"1898",2,3,74,22,-1
"1899",1,18,140,42,-1
"1900",1,4,73,22,-1
"1901",2,3,8,3,-1
"1902",2,20,31,10,-1
"1903",2,16,4,2,-1
"1904",1,4,142,42,-1
"1905",2,12,135,40,-1
"1906",1,17,76,23,-1
"1907",2,2,73,22,-1
"1908",1,11,30,9,-1
"1909",2,30,17,6,-1
"1910",1,24,80,24,-1
"1911",2,10,89,27,-1
"1912",2,1,129,39,-1
"1913",1,16,150,45,-1
"1914",2,21,125,37,-1
"1915",2,24,79,24,-1
"1916",2,20,144,43,-1
"1917",2,29,140,42,-1
"1918",2,11,127,38,-1
"1919",2,27,144,43,-1
"1920",2,14,114,34,-1
"1921",1,4,47,14,-1
"1922",1,18,80,24,-1
"1923",1,7,132,39,-1
"1924",2,6,76,23,-1
"1925",1,8,15,5,-1
"1926",1,11,53,16,-1
"1927",2,25,21,7,-1
"1928",1,4,16,5,-1
"1929",2,23,126,38,-1
"1930",2,29,59,18,-1
"1931",1,29,61,19,-1
"1932",1,6,91,27,-1
"1933",1,13,49,15,-1
"1934",2,20,106,32,-1
"1935",2,15,125,37,-1
"1936",2,9,96,29,-1
"1937",2,4,124,37,-1
"1938",2,18,31,10,-1
"1939",2,3,13,4,-1
"1940",2,10,47,14,-1
"1941",2,27,110,33,-1
"1942",2,21,36,11,-1
"1943",1,30,67,20,-1
"1944",2,7,99,30,-1
"1945",1,30,66,20,-1
"1946",2,2,92,28,-1
"1947",1,28,105,32,-1
"1948",1,23,83,25,-1
"1949",1,5,137,41,-1
"1950",1,12,98,29,-1
"1951",2,8,53,16,-1
"1952",2,22,140,42,-1
"1953",1,11,112,34,-1
"1954",1,3,141,42,-1
"1955",1,4,42,13,-1
"1956",2,27,133,40,-1
"1957",2,13,91,27,-1
"1958",2,11,49,15,-1
"1959",2,8,52,16,-1
"1960",1,15,12,4,-1
"1961",2,9,44,13,-1
"1962",1,6,70,21,-1
"1963",2,8,125,37,-1
"1964",1,23,85,26,-1
"1965",1,16,121,36,-1
"1966",2,23,53,16,-1
"1967",2,16,35,11,-1
"1968",1,29,13,4,-1
"1969",2,9,95,29,-1
"1970",1,17,101,30,-1
"1971",2,28,75,23,-1
"1972",2,10,117,35,-1
"1973",1,18,44,13,-1
"1974",1,11,33,10,-1
"1975",2,21,25,8,-1
"1976",1,22,71,21,-1
"1977",1,24,113,34,-1
"1978",2,25,68,21,-1
"1979",2,3,42,13,-1
"1980",2,5,43,13,-1
"1981",1,30,95,29,-1
"1982",1,27,148,44,-1
"1983",1,30,89,27,-1
"1984",2,30,98,29,-1
"1985",1,15,34,11,-1
"1986",1,17,45,14,-1
"1987",1,1,60,18,-1
"1988",2,18,75,23,-1
"1989",2,21,97,29,-1
"1990",1,26,97,29,-1
"1991",1,11,146,44,-1
"1992",2,8,108,32,-1
"1993",2,16,34,11,-1
"1994",2,13,50,15,-1
"1995",1,11,66,20,-1
"1996",2,25,56,17,-1
"1997",1,9,93,28,-1
"1998",2,6,2,1,-1
"1999",2,19,92,28,-1
"2000",2,30,132,39,-1
"2001",1,16,39,12,-1
"2002",2,30,130,39,-1
"2003",2,7,11,4,-1
"2004",1,2,101,30,-1
"2005",2,14,43,13,-1
"2006",1,6,88,26,-1
"2007",2,18,89,27,-1
"2008",2,15,142,42,-1
"2009",1,4,110,33,-1
"2010",2,3,149,44,-1
"2011",2,1,70,21,-1
"2012",1,28,60,18,-1
"2013",1,3,36,11,-1
"2014",2,23,147,44,-1
"2015",2,10,16,5,-1
"2016",1,13,22,7,-1
"2017",2,23,111,33,-1
"2018",2,30,85,26,-1
"2019",1,30,104,31,-1
"2020",2,15,98,29,-1
"2021",2,3,83,25,-1
"2022",1,10,93,28,-1
"2023",1,5,122,37,-1
"2024",1,24,134,40,-1
"2025",2,30,86,26,-1
"2026",2,23,83,25,-1
"2027",1,17,145,43,-1
"2028",1,9,49,15,-1
"2029",2,14,12,4,-1
"2030",2,3,139,42,-1
"2031",1,5,2,1,-1
"2032",1,2,86,26,-1
"2033",2,19,55,17,-1
"2034",1,15,134,40,-1
"2035",1,20,140,42,-1
"2036",1,29,124,37,-1
"2037",1,3,10,3,-1
"2038",1,12,45,14,-1
"2039",2,22,125,37,-1
"2040",1,26,14,5,-1
"2041",2,22,46,14,-1
"2042",2,18,148,44,-1
"2043",2,22,82,25,-1
"2044",2,19,102,31,-1
"2045",2,10,66,20,-1
"2046",1,6,108,32,-1
"2047",1,28,80,24,-1
"2048",2,24,109,33,-1
"2049",2,8,24,8,-1
"2050",1,21,57,17,-1
"2051",1,13,41,13,-1
"2052",1,16,146,44,-1
"2053",1,8,138,41,-1
"2054",2,14,95,29,-1
"2055",1,29,100,30,-1
"2056",2,24,44,13,-1
"2057",2,20,45,14,-1
"2058",1,5,144,43,-1
"2059",2,1,53,16,-1
"2060",2,6,107,32,-1
"2061",1,21,104,31,-1
"2062",2,6,16,5,-1
"2063",2,2,55,17,-1
"2064",1,7,97,29,-1
"2065",1,8,112,34,-1
"2066",1,29,27,8,-1
"2067",1,1,42,13,-1
"2068",2,21,115,34,-1
"2069",1,17,114,34,-1
"2070",1,1,76,23,-1
"2071",2,7,85,26,-1
"2072",1,4,127,38,-1
"2073",2,9,43,13,-1
"2074",2,16,54,16,-1
"2075",1,28,99,30,-1
"2076",1,5,132,39,-1
"2077",2,28,90,27,-1
"2078",1,23,31,10,-1
"2079",2,15,102,31,-1
"2080",2,12,44,13,-1
"2081",1,11,17,6,-1
"2082",2,3,112,34,-1
"2083",2,11,130,39,-1
"2084",2,18,44,13,-1
"2085",2,18,104,31,-1
"2086",2,11,44,13,-1
"2087",2,10,33,10,-1
"2088",2,19,47,14,-1
"2089",1,21,75,23,-1
"2090",2,26,53,16,-1
"2091",2,18,23,7,-1
"2092",1,19,104,31,-1
"2093",1,21,43,13,-1
"2094",2,28,88,26,-1
"2095",1,21,62,19,-1
"2096",1,8,148,44,-1
"2097",1,6,148,44,-1
"2098",1,4,48,15,-1
"2099",1,16,62,19,-1
"2100",1,5,80,24,-1
"2101",1,8,120,36,-1
"2102",1,10,129,39,-1
"2103",1,21,130,39,-1
"2104",2,2,75,23,-1
"2105",2,8,15,5,-1
"2106",2,2,129,39,-1
"2107",1,24,31,10,-1
"2108",1,26,40,12,-1
"2109",1,7,83,25,-1
"2110",2,10,83,25,-1
"2111",2,23,82,25,-1
"2112",2,29,124,37,-1
"2113",1,4,108,32,-1
"2114",1,21,76,23,-1
"2115",2,5,140,42,-1
"2116",1,23,135,40,-1
"2117",2,28,131,39,-1
"2118",2,14,145,43,-1
"2119",2,17,16,5,-1
"2120",2,14,78,24,-1
"2121",2,16,9,3,-1
"2122",1,22,35,11,-1
"2123",2,11,102,31,-1
"2124",1,30,54,16,-1
"2125",2,20,50,15,-1
"2126",1,21,91,27,-1
"2127",1,14,58,18,-1
"2128",2,18,32,10,-1
"2129",1,30,74,22,-1
"2130",1,11,21,7,-1
"2131",1,15,135,40,-1
"2132",1,26,150,45,-1
"2133",2,24,4,2,-1
"2134",1,14,29,9,-1
"2135",1,3,123,37,-1
"2136",1,1,84,25,-1
"2137",2,12,140,42,-1
"2138",1,19,25,8,-1
"2139",1,8,42,13,-1
"2140",2,24,53,16,-1
"2141",2,30,19,6,-1
"2142",1,5,16,5,-1
"2143",1,10,52,16,-1
"2144",1,23,40,12,-1
"2145",2,10,53,16,-1
"2146",2,19,51,16,-1
"2147",1,22,88,26,-1
"2148",2,12,12,4,-1
"2149",1,20,47,14,-1
"2150",1,15,80,24,-1
"2151",1,20,138,41,-1
"2152",1,18,33,10,-1
"2153",2,18,127,38,-1
"2154",1,11,26,8,-1
"2155",2,6,123,37,-1
"2156",1,14,23,7,-1
"2157",1,8,128,38,-1
"2158",2,28,56,17,-1
"2159",2,18,63,19,-1
"2160",1,24,51,16,-1
"2161",1,29,31,10,-1
"2162",1,29,60,18,-1
"2163",1,12,47,14,-1
"2164",1,17,74,22,-1
"2165",1,30,70,21,-1
"2166",1,29,73,22,-1
"2167",1,13,101,30,-1
"2168",2,15,24,8,-1
"2169",1,17,118,35,-1
"2170",1,19,103,31,-1
"2171",1,9,73,22,-1
"2172",2,10,129,39,-1
"2173",1,5,99,30,-1
"2174",1,9,94,28,-1
"2175",2,22,113,34,-1
"2176",2,14,66,20,-1
"2177",2,30,115,34,-1
"2178",2,20,33,10,-1
"2179",2,28,23,7,-1
"2180",2,1,88,26,-1
"2181",2,23,22,7,-1
"2182",2,22,104,31,-1
"2183",1,25,51,16,-1
"2184",2,20,51,16,-1
"2185",1,2,4,2,-1
"2186",2,16,147,44,-1
"2187",2,9,6,2,-1
"2188",1,10,113,34,-1
"2189",1,30,81,24,-1
"2190",1,15,123,37,-1
"2191",1,18,79,24,-1
"2192",1,10,119,36,-1
"2193",2,14,87,26,-1
"2194",1,18,41,13,-1
"2195",2,22,145,43,-1
"2196",1,3,48,15,-1
"2197",2,11,140,42,-1
"2198",1,14,98,29,-1
"2199",2,16,80,24,-1
"2200",2,23,123,37,-1
"2201",1,23,54,16,-1
"2202",1,28,33,10,-1
"2203",2,4,75,23,-1
"2204",1,13,147,44,-1
"2205",2,24,87,26,-1
"2206",1,8,29,9,-1
"2207",2,4,35,11,-1
"2208",2,1,60,18,-1
"2209",2,20,36,11,-1
"2210",1,11,51,16,-1
"2211",2,17,18,6,-1
"2212",2,13,31,10,-1
"2213",2,26,54,16,-1
"2214",2,4,24,8,-1
"2215",1,15,109,33,-1
"2216",1,30,85,26,-1
"2217",1,16,145,43,-1
"2218",2,24,71,21,-1
"2219",2,14,24,8,-1
"2220",2,24,50,15,-1
"2221",2,18,107,32,-1
"2222",2,15,105,32,-1
"2223",1,11,98,29,-1
"2224",1,13,124,37,-1
"2225",1,4,118,35,-1
"2226",1,19,62,19,-1
"2227",1,12,32,10,-1
"2228",2,2,78,24,-1
"2229",2,16,81,24,-1
"2230",1,20,24,8,-1
"2231",2,26,47,14,-1
"2232",1,5,91,27,-1
"2233",2,28,150,45,-1
"2234",2,4,18,6,-1
"2235",2,3,58,18,-1
"2236",1,13,29,9,-1
"2237",1,22,86,26,-1
"2238",1,29,148,44,-1
"2239",2,10,114,34,-1
"2240",2,28,129,39,-1
"2241",1,25,149,44,-1
"2242",2,20,86,26,-1
"2243",1,17,79,24,-1
"2244",2,29,130,39,-1
"2245",1,29,43,13,-1
"2246",2,20,150,45,-1
"2247",1,4,98,29,-1
"2248",2,4,32,10,-1
"2249",2,23,148,44,-1
"2250",1,15,9,3,-1
"2251",2,2,108,32,-1
"2252",1,17,23,7,-1
"2253",1,15,19,6,-1
"2254",1,22,109,33,-1
"2255",2,20,39,12,-1
"2256",1,25,10,3,-1
"2257",2,16,142,42,-1
"2258",1,17,34,11,-1
"2259",2,3,50,15,-1
"2260",2,15,88,26,-1
"2261",1,4,136,41,-1
"2262",2,11,139,42,-1
"2263",1,20,136,41,-1
"2264",1,3,113,34,-1
"2265",1,10,123,37,-1
"2266",1,18,90,27,-1
"2267",2,10,116,35,-1
"2268",2,22,105,32,-1
"2269",1,15,60,18,-1
"2270",2,13,93,28,-1
"2271",1,9,108,32,-1
"2272",2,18,73,22,-1
"2273",1,6,44,13,-1
"2274",1,20,54,16,-1
"2275",1,29,82,25,-1
"2276",1,15,35,11,-1
"2277",1,6,19,6,-1
"2278",2,21,132,39,-1
"2279",2,14,103,31,-1
"2280",2,7,87,26,-1
"2281",2,24,15,5,-1
"2282",1,10,64,19,-1
"2283",2,1,90,27,-1
"2284",2,25,86,26,-1
"2285",2,23,7,3,-1
"2286",1,19,15,5,-1
"2287",1,21,88,26,-1
"2288",1,11,54,16,-1
"2289",1,4,96,29,-1
"2290",2,18,72,22,-1
"2291",1,29,62,19,-1
"2292",1,5,27,8,-1
"2293",2,23,132,39,-1
"2294",2,24,69,21,-1
"2295",2,18,47,14,-1
"2296",2,1,116,35,-1
"2297",2,22,149,44,-1
"2298",2,8,149,44,-1
"2299",1,8,26,8,-1
"2300",2,28,65,20,-1
"2301",2,12,38,12,-1
"2302",1,24,143,43,-1
"2303",2,12,94,28,-1
"2304",1,16,75,23,-1
"2305",2,18,37,11,-1
"2306",2,14,13,4,-1
"2307",2,21,142,42,-1
"2308",2,28,117,35,-1
"2309",1,4,92,28,-1
"2310",2,7,72,22,-1
"2311",1,15,32,10,-1
"2312",2,24,84,25,-1
"2313",2,3,60,18,-1
"2314",1,26,138,41,-1
"2315",2,1,68,21,-1
"2316",1,16,81,24,-1
"2317",1,17,2,1,-1
"2318",2,17,136,41,-1
"2319",2,8,59,18,-1
"2320",1,26,96,29,-1
"2321",1,10,133,40,-1
"2322",1,25,138,41,-1
"2323",2,19,63,19,-1
"2324",2,15,15,5,-1
"2325",1,22,124,37,-1
"2326",2,3,37,11,-1
"2327",1,13,6,2,-1
"2328",2,3,27,8,-1
"2329",1,3,62,19,-1
"2330",2,13,71,21,-1
"2331",2,7,101,30,-1
"2332",1,2,99,30,-1
"2333",1,12,142,42,-1
"2334",1,5,37,11,-1
"2335",1,24,139,42,-1
"2336",1,15,126,38,-1
"2337",2,19,13,4,-1
"2338",2,11,126,38,-1
"2339",1,29,26,8,-1
"2340",2,11,66,20,-1
"2341",2,15,141,42,-1
"2342",1,26,88,26,-1
"2343",1,18,13,4,-1
"2344",1,23,104,31,-1
"2345",2,7,22,7,-1
"2346",2,4,20,6,-1
"2347",1,21,56,17,-1
"2348",2,4,34,11,-1
"2349",2,5,58,18,-1
"2350",2,28,13,4,-1
"2351",1,2,8,3,-1
"2352",1,5,101,30,-1
"2353",2,12,105,32,-1
"2354",2,7,68,21,-1
"2355",2,1,106,32,-1
"2356",2,5,65,20,-1
"2357",1,22,26,8,-1
"2358",2,5,144,43,-1
"2359",2,11,22,7,-1
"2360",2,1,138,41,-1
"2361",2,18,121,36,-1
"2362",1,21,24,8,-1
"2363",2,17,47,14,-1
"2364",1,18,46,14,-1
"2365",1,27,126,38,-1
"2366",1,2,110,33,-1
"2367",2,20,16,5,-1
"2368",1,22,144,43,-1
"2369",1,21,133,40,-1
"2370",1,16,8,3,-1
"2371",1,10,42,13,-1
"2372",2,13,135,40,-1
"2373",1,24,71,21,-1
"2374",2,28,33,10,-1
"2375",1,29,20,6,-1
"2376",2,26,87,26,-1
"2377",1,5,145,43,-1
"2378",2,7,137,41,-1
"2379",2,1,55,17,-1
"2380",1,19,125,37,-1
"2381",2,16,145,43,-1
"2382",1,27,95,29,-1
"2383",1,6,74,22,-1
"2384",1,16,28,9,-1
"2385",1,27,55,17,-1
"2386",2,8,84,25,-1
"2387",2,3,79,24,-1
"2388",2,24,45,14,-1
"2389",1,24,132,39,-1
"2390",2,18,129,39,-1
"2391",1,10,137,41,-1
"2392",1,1,36,11,-1
"2393",2,30,65,20,-1
"2394",1,22,98,29,-1
"2395",1,4,70,21,-1
"2396",2,11,31,10,-1
"2397",2,9,123,37,-1
"2398",1,9,10,3,-1
"2399",1,5,46,14,-1
"2400",2,19,23,7,-1
"2401",1,3,59,18,-1
"2402",1,27,4,2,-1
"2403",1,29,10,3,-1
"2404",1,11,79,24,-1
"2405",2,1,29,9,-1
"2406",1,4,63,19,-1
"2407",2,23,38,12,-1
"2408",1,12,106,32,-1
"2409",1,15,145,43,-1
"2410",1,11,61,19,-1
"2411",2,14,105,32,-1
"2412",1,20,127,38,-1
"2413",1,3,118,35,-1
"2414",1,18,107,32,-1
"2415",1,8,57,17,-1
"2416",2,26,102,31,-1
"2417",2,2,88,26,-1
"2418",1,14,10,3,-1
"2419",1,20,41,13,-1
"2420",1,24,7,3,-1
"2421",1,3,109,33,-1
"2422",1,14,133,40,-1
"2423",1,6,92,28,-1
"2424",2,23,92,28,-1
"2425",1,1,50,15,-1
"2426",1,22,47,14,-1
"2427",2,29,102,31,-1
"2428",2,26,137,41,-1
"2429",2,21,114,34,-1
"2430",1,5,62,19,-1
"2431",2,1,18,6,-1
"2432",1,18,21,7,-1
"2433",1,3,32,10,-1
"2434",2,20,22,7,-1
"2435",1,21,69,21,-1
"2436",1,3,77,23,-1
"2437",2,2,87,26,-1
"2438",1,1,24,8,-1
"2439",1,13,70,21,-1
"2440",1,5,96,29,-1
"2441",1,28,8,3,-1
"2442",1,8,92,28,-1
"2443",1,17,122,37,-1
"2444",1,10,43,13,-1
"2445",2,1,114,34,-1
"2446",1,20,36,11,-1
"2447",1,24,67,20,-1
"2448",2,21,54,16,-1
"2449",2,9,144,43,-1
"2450",2,12,149,44,-1
"2451",2,23,36,11,-1
"2452",1,13,40,12,-1
"2453",1,23,23,7,-1
"2454",1,15,66,20,-1
"2455",2,14,70,21,-1
"2456",1,11,55,17,-1
"2457",2,17,38,12,-1
"2458",2,23,112,34,-1
"2459",2,15,8,3,-1
"2460",1,30,128,38,-1
"2461",2,25,44,13,-1
"2462",2,22,126,38,-1
"2463",2,29,107,32,-1
"2464",1,23,112,34,-1
"2465",1,23,136,41,-1
"2466",1,14,73,22,-1
"2467",1,16,86,26,-1
"2468",1,18,59,18,-1
"2469",2,11,111,33,-1
"2470",2,8,43,13,-1
"2471",2,26,147,44,-1
"2472",1,17,32,10,-1
"2473",1,1,47,14,-1
"2474",2,29,116,35,-1
"2475",2,17,123,37,-1
"2476",2,29,81,24,-1
"2477",1,6,28,9,-1
"2478",2,28,67,20,-1
"2479",1,7,42,13,-1
"2480",1,17,125,37,-1
"2481",2,28,48,15,-1
"2482",1,9,146,44,-1
"2483",1,25,14,5,-1
"2484",2,5,40,12,-1
"2485",2,19,33,10,-1
"2486",1,8,97,29,-1
"2487",2,21,3,1,-1
"2488",1,5,124,37,-1
"2489",2,12,55,17,-1
"2490",1,13,79,24,-1
"2491",1,26,43,13,-1
"2492",2,13,113,34,-1
"2493",2,13,33,10,-1
"2494",2,21,62,19,-1
"2495",1,13,8,3,-1
"2496",1,2,77,23,-1
"2497",2,10,3,1,-1
"2498",1,29,98,29,-1
"2499",1,14,83,25,-1
"2500",1,15,89,27,-1
"2501",2,17,76,23,-1
"2502",1,30,61,19,-1
"2503",2,30,6,2,-1
"2504",2,29,74,22,-1
"2505",2,7,19,6,-1
"2506",2,23,129,39,-1
"2507",2,18,76,23,-1
"2508",2,25,19,6,-1
"2509",1,4,29,9,-1
"2510",2,9,118,35,-1
"2511",1,1,94,28,-1
"2512",1,13,44,13,-1
"2513",2,6,69,21,-1
"2514",1,13,91,27,-1
"2515",1,12,33,10,-1
"2516",1,12,63,19,-1
"2517",2,5,128,38,-1
"2518",2,16,127,38,-1
"2519",2,26,73,22,-1
"2520",1,10,144,43,-1
"2521",2,1,51,16,-1
"2522",2,8,55,17,-1
"2523",2,4,134,40,-1
"2524",1,20,50,15,-1
"2525",1,10,17,6,-1
"2526",1,6,105,32,-1
"2527",1,30,149,44,-1
"2528",2,17,74,22,-1
"2529",1,27,57,17,-1
"2530",1,1,119,36,-1
"2531",2,29,10,3,-1
"2532",1,12,126,38,-1
"2533",1,1,11,4,-1
"2534",2,30,45,14,-1
"2535",1,17,26,8,-1
"2536",1,1,23,7,-1
"2537",2,9,4,2,-1
"2538",1,20,86,26,-1
"2539",1,6,117,35,-1
"2540",2,30,141,42,-1
"2541",2,12,60,18,-1
"2542",1,3,132,39,-1
"2543",2,30,76,23,-1
"2544",1,25,50,15,-1
"2545",2,15,32,10,-1
"2546",2,19,44,13,-1
"2547",1,7,30,9,-1
"2548",1,4,2,1,-1
"2549",1,15,6,2,-1
"2550",2,7,21,7,-1
"2551",2,23,114,34,-1
"2552",2,14,57,17,-1
"2553",1,4,20,6,-1
"2554",1,22,45,14,-1
"2555",1,27,110,33,-1
"2556",1,13,72,22,-1
"2557",2,5,17,6,-1
"2558",2,6,118,35,-1
"2559",2,27,126,38,-1
"2560",2,26,39,12,-1
"2561",1,18,150,45,-1
"2562",1,2,97,29,-1
"2563",1,29,8,3,-1
"2564",1,16,37,11,-1
"2565",1,18,65,20,-1
"2566",2,3,105,32,-1
"2567",2,25,99,30,-1
"2568",2,17,128,38,-1
"2569",1,4,125,37,-1
"2570",1,13,7,3,-1
"2571",2,13,140,42,-1
"2572",2,14,27,8,-1
"2573",2,18,17,6,-1
"2574",1,4,85,26,-1
"2575",2,8,83,25,-1
"2576",1,13,33,10,-1
"2577",2,21,124,37,-1
"2578",2,9,15,5,-1
"2579",2,29,141,42,-1
"2580",1,2,133,40,-1
"2581",2,15,139,42,-1
"2582",1,3,12,4,-1
"2583",1,2,150,45,-1
"2584",1,28,109,33,-1
"2585",2,3,102,31,-1
"2586",2,28,78,24,-1
"2587",1,7,63,19,-1
"2588",1,2,28,9,-1
"2589",2,27,123,37,-1
"2590",1,10,7,3,-1
"2591",2,21,116,35,-1
"2592",2,25,103,31,-1
"2593",1,18,145,43,-1
"2594",1,25,108,32,-1
"2595",1,14,140,42,-1
"2596",1,11,49,15,-1
"2597",2,14,17,6,-1
"2598",1,23,13,4,-1
"2599",1,19,136,41,-1
"2600",2,23,74,22,-1
"2601",1,23,79,24,-1
"2602",1,5,4,2,-1
"2603",2,23,16,5,-1
"2604",2,2,81,24,-1
"2605",2,20,105,32,-1
"2606",2,18,141,42,-1
"2607",1,11,126,38,-1
"2608",2,1,2,1,-1
"2609",2,29,83,25,-1
"2610",2,2,9,3,-1
"2611",2,3,135,40,-1
"2612",1,22,93,28,-1
"2613",2,11,18,6,-1
"2614",1,9,82,25,-1
"2615",1,7,71,21,-1
"2616",2,18,14,5,-1
"2617",1,5,135,40,-1
"2618",1,30,34,11,-1
"2619",1,9,138,41,-1
"2620",1,12,8,3,-1
"2621",2,1,30,9,-1
"2622",2,21,60,18,-1
"2623",2,14,117,35,-1
"2624",2,18,93,28,-1
"2625",1,22,75,23,-1
"2626",1,13,17,6,-1
"2627",2,1,71,21,-1
"2628",2,13,4,2,-1
"2629",1,30,144,43,-1
"2630",2,27,129,39,-1
"2631",1,22,133,40,-1
"2632",1,14,5,2,-1
"2633",1,24,4,2,-1
"2634",2,1,117,35,-1
"2635",1,18,31,10,-1
"2636",1,8,132,39,-1
"2637",1,10,37,11,-1
"2638",2,5,15,5,-1
"2639",1,29,130,39,-1
"2640",2,2,124,37,-1
"2641",2,30,109,33,-1
"2642",1,30,43,13,-1
"2643",2,17,91,27,-1
"2644",1,13,77,23,-1
"2645",1,29,21,7,-1
"2646",2,4,81,24,-1
"2647",1,11,56,17,-1
"2648",1,25,95,29,-1
"2649",2,18,2,1,-1
"2650",2,6,131,39,-1
"2651",1,10,74,22,-1
"2652",1,24,145,43,-1
"2653",1,10,143,43,-1
"2654",2,11,10,3,-1
"2655",1,4,135,40,-1
"2656",2,10,5,2,-1
"2657",1,26,66,20,-1
"2658",1,20,16,5,-1
"2659",1,16,90,27,-1
"2660",1,27,94,28,-1
"2661",1,12,91,27,-1
"2662",1,1,129,39,-1
"2663",2,20,48,15,-1
"2664",2,24,52,16,-1
"2665",2,18,33,10,-1
"2666",1,8,74,22,-1
"2667",2,24,72,22,-1
"2668",1,4,52,16,-1
"2669",2,5,115,34,-1
"2670",2,24,3,1,-1
"2671",1,28,86,26,-1
"2672",2,13,87,26,-1
"2673",2,21,35,11,-1
"2674",1,2,5,2,-1
"2675",2,14,149,44,-1
"2676",2,4,15,5,-1
"2677",2,1,49,15,-1
"2678",1,1,85,26,-1
"2679",2,16,3,1,-1
"2680",2,15,37,11,-1
"2681",1,7,40,12,-1
"2682",2,29,144,43,-1
"2683",2,2,64,19,-1
"2684",2,28,145,43,-1
"2685",2,22,60,18,-1
"2686",2,12,107,32,-1
"2687",2,6,32,10,-1
"2688",1,30,64,19,-1
"2689",1,8,34,11,-1
"2690",1,10,6,2,-1
"2691",1,25,29,9,-1
"2692",1,21,65,20,-1
"2693",2,3,99,30,-1
"2694",1,11,142,42,-1
"2695",1,17,4,2,-1
"2696",1,15,103,31,-1
"2697",2,4,98,29,-1
"2698",2,6,117,35,-1
"2699",1,8,41,13,-1
"2700",1,3,71,21,-1
"2701",2,16,36,11,-1
"2702",2,8,37,11,-1
"2703",1,22,43,13,-1
"2704",1,16,71,21,-1
"2705",1,22,60,18,-1
"2706",1,29,93,28,-1
"2707",1,1,87,26,-1
"2708",2,14,84,25,-1
"2709",2,10,103,31,-1
"2710",2,19,15,5,-1
"2711",2,28,3,1,-1
"2712",2,26,133,40,-1
"2713",2,11,137,41,-1
"2714",2,9,80,24,-1
"2715",2,26,108,32,-1
"2716",1,8,79,24,-1
"2717",2,9,149,44,-1
"2718",2,28,16,5,-1
"2719",1,14,49,15,-1
"2720",1,6,30,9,-1
"2721",2,26,40,12,-1
"2722",1,16,7,3,-1
"2723",1,15,100,30,-1
"2724",1,13,14,5,-1
"2725",2,6,110,33,-1
"2726",2,27,131,39,-1
"2727",2,21,30,9,-1
"2728",2,23,131,39,-1
"2729",2,23,71,21,-1
"2730",1,16,54,16,-1
"2731",2,24,20,6,-1
"2732",1,12,67,20,-1
"2733",1,18,149,44,-1
"2734",1,26,147,44,-1
"2735",1,13,30,9,-1
"2736",1,19,119,36,-1
"2737",1,24,149,44,-1
"2738",2,15,56,17,-1
"2739",1,7,7,3,-1
"2740",2,17,64,19,-1
"2741",2,13,42,13,-1
"2742",2,27,14,5,-1
"2743",1,28,126,38,-1
"2744",1,1,132,39,-1
"2745",2,14,146,44,-1
"2746",2,28,74,22,-1
"2747",1,29,91,27,-1
"2748",2,30,32,10,-1
"2749",2,7,82,25,-1
"2750",1,26,128,38,-1
"2751",2,5,71,21,-1
"2752",2,14,44,13,-1
"2753",2,7,123,37,-1
"2754",1,8,27,8,-1
"2755",1,17,66,20,-1
"2756",2,18,43,13,-1
"2757",2,19,42,13,-1
"2758",2,30,142,42,-1
"2759",2,25,118,35,-1
"2760",2,10,38,12,-1
"2761",2,10,32,10,-1
"2762",2,1,133,40,-1
"2763",1,1,18,6,-1
"2764",2,2,26,8,-1
"2765",1,13,20,6,-1
"2766",1,28,104,31,-1
"2767",2,19,66,20,-1
"2768",2,3,103,31,-1
"2769",2,20,65,20,-1
"2770",2,13,59,18,-1
"2771",2,15,14,5,-1
"2772",2,15,75,23,-1
"2773",2,20,72,22,-1
"2774",1,12,85,26,-1
"2775",1,26,149,44,-1
"2776",1,10,106,32,-1
"2777",1,3,63,19,-1
"2778",1,19,45,14,-1
"2779",1,19,131,39,-1
"2780",1,5,21,7,-1
"2781",1,22,79,24,-1
"2782",1,3,15,5,-1
"2783",2,3,70,21,-1
"2784",2,7,90,27,-1
"2785",1,25,11,4,-1
"2786",1,25,147,44,-1
"2787",2,9,9,3,-1
"2788",1,8,141,42,-1
"2789",1,12,68,21,-1
"2790",2,11,75,23,-1
"2791",1,21,101,30,-1
"2792",2,15,18,6,-1
"2793",2,20,54,16,-1
"2794",2,30,36,11,-1
"2795",1,21,148,44,-1
"2796",1,29,56,17,-1
"2797",2,9,127,38,-1
"2798",2,24,143,43,-1
"2799",1,29,122,37,-1
"2800",2,10,72,22,-1
"2801",2,9,61,19,-1
"2802",2,30,83,25,-1
"2803",1,8,31,10,-1
"2804",2,7,131,39,-1
"2805",2,2,74,22,-1
"2806",1,1,105,32,-1
"2807",2,9,47,14,-1
"2808",1,8,72,22,-1
"2809",2,5,44,13,-1
"2810",2,8,62,19,-1
"2811",1,25,18,6,-1
"2812",2,13,92,28,-1
"2813",1,22,114,34,-1
"2814",1,25,89,27,-1
"2815",1,10,36,11,-1
"2816",1,10,117,35,-1
"2817",2,30,55,17,-1
"2818",2,3,44,13,-1
"2819",2,8,34,11,-1
"2820",1,6,46,14,-1
"2821",1,16,24,8,-1
"2822",1,14,63,19,-1
"2823",2,17,61,19,-1
"2824",2,8,124,37,-1
"2825",2,13,110,33,-1
"2826",2,11,114,34,-1
"2827",2,15,149,44,-1
"2828",2,15,64,19,-1
"2829",2,18,128,38,-1
"2830",1,21,142,42,-1
"2831",2,26,9,3,-1
"2832",1,26,30,9,-1
"2833",1,22,96,29,-1
"2834",2,5,104,31,-1
"2835",2,3,80,24,-1
"2836",1,30,96,29,-1
"2837",2,22,79,24,-1
"2838",1,1,144,43,-1
"2839",1,9,16,5,-1
"2840",2,19,68,21,-1
"2841",1,9,68,21,-1
"2842",2,23,5,2,-1
"2843",2,22,25,8,-1
"2844",2,15,147,44,-1
"2845",2,30,33,10,-1
"2846",2,14,81,24,-1
"2847",1,3,126,38,-1
"2848",2,24,123,37,-1
"2849",2,18,34,11,-1
"2850",2,19,118,35,-1
"2851",2,5,36,11,-1
"2852",2,13,150,45,-1
"2853",2,13,77,23,-1
"2854",2,22,91,27,-1
"2855",2,12,145,43,-1
"2856",2,18,42,13,-1
"2857",1,23,7,3,-1
"2858",2,7,120,36,-1
"2859",2,29,22,7,-1
"2860",1,19,48,15,-1
"2861",1,30,25,8,-1
"2862",1,3,90,27,-1
"2863",1,9,81,24,-1
"2864",2,16,57,17,-1
"2865",1,19,33,10,-1
"2866",2,1,24,8,-1
"2867",1,5,87,26,-1
"2868",2,4,78,24,-1
"2869",1,4,53,16,-1
"2870",2,4,95,29,-1
"2871",1,12,13,4,-1
"2872",1,15,8,3,-1
"2873",2,23,19,6,-1
"2874",2,19,101,30,-1
"2875",1,24,94,28,-1
"2876",1,7,66,20,-1
"2877",1,16,87,26,-1
"2878",1,25,78,24,-1
"2879",1,27,93,28,-1
"2880",1,13,128,38,-1
"2881",1,19,123,37,-1
"2882",2,27,5,2,-1
"2883",2,26,150,45,-1
"2884",1,14,106,32,-1
"2885",2,26,132,39,-1
"2886",2,24,101,30,-1
"2887",1,11,101,30,-1
"2888",2,26,10,3,-1
"2889",2,29,52,16,-1
"2890",2,12,45,14,-1
"2891",2,24,85,26,-1
"2892",1,27,142,42,-1
"2893",1,28,35,11,-1
"2894",2,23,49,15,-1
"2895",1,1,116,35,-1
"2896",1,30,139,42,-1
"2897",1,2,140,42,-1
"2898",1,5,54,16,-1
"2899",2,2,135,40,-1
"2900",1,18,8,3,-1
"2901",2,21,145,43,-1
"2902",2,8,26,8,-1
"2903",1,11,102,31,-1
"2904",2,11,115,34,-1
"2905",2,7,43,13,-1
"2906",2,6,97,29,-1
"2907",1,17,6,2,-1
"2908",1,2,11,4,-1
"2909",1,11,23,7,-1
"2910",1,18,126,38,-1
"2911",2,27,88,26,-1
"2912",1,17,106,32,-1
"2913",2,6,19,6,-1
"2914",1,29,72,22,-1
"2915",1,22,16,5,-1
"2916",1,18,130,39,-1
"2917",2,23,142,42,-1
"2918",1,24,96,29,-1
"2919",2,21,38,12,-1
"2920",1,27,130,39,-1
"2921",1,15,54,16,-1
"2922",2,20,81,24,-1
"2923",2,25,100,30,-1
"2924",2,24,34,11,-1
"2925",1,27,29,9,-1
"2926",1,27,141,42,-1
"2927",2,15,113,34,-1
"2928",2,13,121,36,-1
"2929",1,9,75,23,-1
"2930",1,22,72,22,-1
"2931",2,4,54,16,-1
"2932",1,18,147,44,-1
"2933",2,5,90,27,-1
"2934",1,2,102,31,-1
"2935",1,17,31,10,-1
"2936",1,11,145,43,-1
"2937",1,20,65,20,-1
"2938",2,8,36,11,-1
"2939",1,24,103,31,-1
"2940",2,22,87,26,-1
"2941",1,4,50,15,-1
"2942",1,10,118,35,-1
"2943",2,7,73,22,-1
"2944",2,27,40,12,-1
"2945",1,17,63,19,-1
"2946",2,4,106,32,-1
"2947",1,18,85,26,-1
"2948",2,8,80,24,-1
"2949",2,1,102,31,-1
"2950",1,1,97,29,-1
"2951",2,21,91,27,-1
"2952",2,17,130,39,-1
"2953",1,8,39,12,-1
"2954",2,14,75,23,-1
"2955",1,12,43,13,-1
"2956",1,23,125,37,-1
"2957",1,28,47,14,-1
"2958",2,15,145,43,-1
"2959",1,30,148,44,-1
"2960",1,30,146,44,-1
"2961",1,20,81,24,-1
"2962",2,9,68,21,-1
"2963",1,26,39,12,-1
"2964",2,8,28,9,-1
"2965",1,16,138,41,-1
"2966",2,22,136,41,-1
"2967",2,10,24,8,-1
"2968",2,16,113,34,-1
"2969",2,4,132,39,-1
"2970",2,16,85,26,-1
"2971",1,5,72,22,-1
"2972",2,24,118,35,-1
"2973",2,26,19,6,-1
"2974",2,3,100,30,-1
"2975",2,18,131,39,-1
"2976",2,17,57,17,-1
"2977",2,27,6,2,-1
"2978",1,16,128,38,-1
"2979",1,8,143,43,-1
"2980",1,29,46,14,-1
