"","X.1","X","algorithm","replicate","instance","group","result"
"1",1,1,1,1,6,1,301.554125151353
"2",2,2,1,1,10,2,30144.7816325833
"3",3,3,1,1,14,3,178007.21652793
"4",4,4,1,1,18,4,251620.20168002
"5",5,5,1,1,22,5,445931.650277925
"6",6,6,1,1,26,6,582995.327861162
"7",7,7,1,1,30,7,940944.081189215
"8",8,8,1,1,34,8,1062964.88423419
"9",9,9,1,1,38,9,1593325.21307894
"10",10,10,1,1,42,10,1340329.64198137
"11",11,11,1,1,46,11,2043746.31065139
"12",12,12,1,1,50,12,2382684.50321106
"13",13,13,1,1,54,13,3411274.52088313
"14",14,14,1,1,58,14,3611091.77616011
"15",15,15,1,1,62,15,3741805.30115988
"16",16,16,1,1,66,16,4026159.35108125
"17",17,17,1,1,70,17,4526444.55145502
"18",18,18,1,1,74,18,4441808.1599282
"19",19,19,1,1,78,19,5408597.62635729
"20",20,20,1,1,82,20,5861896.34489079
"21",21,21,1,1,86,21,6060149.13753066
"22",22,22,1,1,90,22,5266499.07963353
"23",23,23,1,1,94,23,5455980.57698003
"24",24,24,1,1,98,24,7002174.97483497
"25",25,25,1,1,102,25,6445197.1762423
"26",26,26,1,1,106,26,7771767.9111434
"27",27,27,1,1,110,27,8228101.08242224
"28",28,28,1,1,114,28,7150749.94426345
"29",29,29,1,1,118,29,8476813.78537767
"30",30,30,1,1,122,30,10066819.581812
"31",31,31,1,1,126,31,8981166.78225627
"32",32,32,1,1,130,32,8276160.15533924
"33",33,33,1,1,134,33,9755655.18227591
"34",34,34,1,1,138,34,12007636.4863683
"35",35,35,1,1,142,35,9467963.67548037
"36",36,1,2,1,6,1,8.06877581811089e-06
"37",37,2,2,1,10,2,17.8713453966739
"38",38,3,2,1,14,3,1393.67428277735
"39",39,4,2,1,18,4,7616.46597713781
"40",40,5,2,1,22,5,64771.3551724171
"41",41,6,2,1,26,6,264035.216982035
"42",42,7,2,1,30,7,530868.442206815
"43",43,8,2,1,34,8,711553.631852819
"44",44,9,2,1,38,9,923843.501381334
"45",45,10,2,1,42,10,694405.458030057
"46",46,11,2,1,46,11,818336.620744101
"47",47,12,2,1,50,12,1425780.14542632
"48",48,13,2,1,54,13,2470055.50492407
"49",49,14,2,1,58,14,3344481.97234884
"50",50,15,2,1,62,15,3616908.59656494
"51",51,16,2,1,66,16,3771606.71277498
"52",52,17,2,1,70,17,4286713.07294022
"53",53,18,2,1,74,18,3765525.18277788
"54",54,19,2,1,78,19,4758146.9964696
"55",55,20,2,1,82,20,5085420.5712373
"56",56,21,2,1,86,21,5554422.87861633
"57",57,22,2,1,90,22,5747409.67929255
"58",58,23,2,1,94,23,6146767.28352076
"59",59,24,2,1,98,24,7598286.53367405
"60",60,25,2,1,102,25,7684199.12490662
"61",61,26,2,1,106,26,6982310.89043579
"62",62,27,2,1,110,27,7846863.70958389
"63",63,28,2,1,114,28,8119730.99199036
"64",64,29,2,1,118,29,9073277.79163127
"65",65,30,2,1,122,30,9060751.59814443
"66",66,31,2,1,126,31,9204412.17676371
"67",67,32,2,1,130,32,8468820.50415651
"68",68,33,2,1,134,33,10168004.4081679
"69",69,34,2,1,138,34,8990924.96832456
"70",70,35,2,1,142,35,10106300.3443552
"71",71,1,1,1,6,1,392.998733723458
"72",72,2,1,1,10,2,19996.0410899001
"73",73,3,1,1,14,3,149030.307940708
"74",74,4,1,1,18,4,277901.010121837
"75",75,5,1,1,22,5,438586.292509351
"76",76,6,1,1,26,6,666014.449562842
"77",77,7,1,1,30,7,678666.07152877
"78",78,8,1,1,34,8,1212561.69510438
"79",79,9,1,1,38,9,1630647.97747709
"80",80,10,1,1,42,10,2268215.01280807
"81",81,11,1,1,46,11,1539422.9013299
"82",82,12,1,1,50,12,2495713.22765352
"83",83,13,1,1,54,13,2881598.51718646
"84",84,14,1,1,58,14,3045927.64062688
"85",85,15,1,1,62,15,2174707.14104311
"86",86,16,1,1,66,16,4145438.45378001
"87",87,17,1,1,70,17,4181252.27160303
"88",88,18,1,1,74,18,4824580.63963587
"89",89,19,1,1,78,19,4829829.17605914
"90",90,20,1,1,82,20,5958898.03322636
"91",91,21,1,1,86,21,5398627.14688578
"92",92,22,1,1,90,22,6528188.38758579
"93",93,23,1,1,94,23,7233173.88257927
"94",94,24,1,1,98,24,6210766.83120026
"95",95,25,1,1,102,25,7278223.33263678
"96",96,26,1,1,106,26,8085301.93656962
"97",97,27,1,1,110,27,8589447.14906821
"98",98,28,1,1,114,28,8837290.64559681
"99",99,29,1,1,118,29,8982345.35961788
"100",100,30,1,1,122,30,9280778.79861507
"101",101,31,1,1,126,31,9244072.31985683
"102",102,32,1,1,130,32,9790682.1743924
"103",103,33,1,1,134,33,9762108.74135221
"104",104,34,1,1,138,34,10077402.8890767
"105",105,35,1,1,142,35,10289828.8627658
"106",106,1,2,1,6,1,0.894230645193887
"107",107,2,2,1,10,2,12.0036314730552
"108",108,3,2,1,14,3,261.365017906335
"109",109,4,2,1,18,4,10776.1030922339
"110",110,5,2,1,22,5,57162.6010378937
"111",111,6,2,1,26,6,68746.3660487744
"112",112,7,2,1,30,7,246319.581288097
"113",113,8,2,1,34,8,252771.834159477
"114",114,9,2,1,38,9,294917.321082586
"115",115,10,2,1,42,10,504476.226291459
"116",116,11,2,1,46,11,2198682.10692027
"117",117,12,2,1,50,12,1142065.66675707
"118",118,13,2,1,54,13,1561544.01206955
"119",119,14,2,1,58,14,1685164.6482132
"120",120,15,2,1,62,15,3746330.53379934
"121",121,16,2,1,66,16,3894724.67329389
"122",122,17,2,1,70,17,3688930.51834216
"123",123,18,2,1,74,18,4871987.91782267
"124",124,19,2,1,78,19,4897565.03234832
"125",125,20,2,1,82,20,5808873.39101012
"126",126,21,2,1,86,21,5250594.12980877
"127",127,22,2,1,90,22,5862831.77521153
"128",128,23,2,1,94,23,5628142.14372336
"129",129,24,2,1,98,24,7117746.51816787
"130",130,25,2,1,102,25,6515728.63635422
"131",131,26,2,1,106,26,7428497.55140415
"132",132,27,2,1,110,27,7646282.38051746
"133",133,28,2,1,114,28,8097104.84389347
"134",134,29,2,1,118,29,8985613.17363326
"135",135,30,2,1,122,30,8541024.56000712
"136",136,31,2,1,126,31,8140044.58418404
"137",137,32,2,1,130,32,9627667.51522244
"138",138,33,2,1,134,33,9126591.99642683
"139",139,34,2,1,138,34,10142432.2637132
"140",140,35,2,1,142,35,10880405.5193381
"141",141,1,1,1,6,1,258.534533831143
"142",142,2,1,1,10,2,28716.6832629166
"143",143,3,1,1,14,3,90382.114507622
"144",144,4,1,1,18,4,253258.075191364
"145",145,5,1,1,22,5,482561.935245456
"146",146,6,1,1,26,6,807294.346838671
"147",147,7,1,1,30,7,919843.367086005
"148",148,8,1,1,34,8,1167107.04773487
"149",149,9,1,1,38,9,1364755.73895241
"150",150,10,1,1,42,10,2044237.91723482
"151",151,11,1,1,46,11,2709330.8838259
"152",152,12,1,1,50,12,3325189.0955465
"153",153,13,1,1,54,13,2546963.43808536
"154",154,14,1,1,58,14,2658133.82278792
"155",155,15,1,1,62,15,3878537.92194851
"156",156,16,1,1,66,16,3602945.04100786
"157",157,17,1,1,70,17,4982135.17935205
"158",158,18,1,1,74,18,4340705.58516288
"159",159,19,1,1,78,19,5399780.47153502
"160",160,20,1,1,82,20,5218324.2526914
"161",161,21,1,1,86,21,5844722.67274205
"162",162,22,1,1,90,22,5506025.07511474
"163",163,23,1,1,94,23,6548436.95706113
"164",164,24,1,1,98,24,6170605.51634248
"165",165,25,1,1,102,25,6494887.20651349
"166",166,26,1,1,106,26,7630496.54535217
"167",167,27,1,1,110,27,7933676.84463985
"168",168,28,1,1,114,28,7525450.24583007
"169",169,29,1,1,118,29,8009760.94639478
"170",170,30,1,1,122,30,8951004.05931751
"171",171,31,1,1,126,31,8112214.6958935
"172",172,32,1,1,130,32,10710028.4643396
"173",173,33,1,1,134,33,10003423.2592363
"174",174,34,1,1,138,34,10925004.4845409
"175",175,35,1,1,142,35,11459993.2144159
"176",176,1,2,1,6,1,0.0027625697967889
"177",177,2,2,1,10,2,41.411479556348
"178",178,3,2,1,14,3,487.907713447189
"179",179,4,2,1,18,4,3336.931647446
"180",180,5,2,1,22,5,26878.6013239647
"181",181,6,2,1,26,6,68785.0139340371
"182",182,7,2,1,30,7,447786.351548579
"183",183,8,2,1,34,8,147576.013093208
"184",184,9,2,1,38,9,887985.495440987
"185",185,10,2,1,42,10,1109294.60561575
"186",186,11,2,1,46,11,1464114.38629498
"187",187,12,2,1,50,12,2278231.05852843
"188",188,13,2,1,54,13,1826564.71999081
"189",189,14,2,1,58,14,3048562.82839623
"190",190,15,2,1,62,15,3977713.21912866
"191",191,16,2,1,66,16,2662615.1893668
"192",192,17,2,1,70,17,3861679.2018289
"193",193,18,2,1,74,18,5032456.87002691
"194",194,19,2,1,78,19,4968503.24170029
"195",195,20,2,1,82,20,4243706.45361259
"196",196,21,2,1,86,21,6354103.02628464
"197",197,22,2,1,90,22,6576056.43774686
"198",198,23,2,1,94,23,6166091.06710281
"199",199,24,2,1,98,24,6782023.77742605
"200",200,25,2,1,102,25,6663290.18523661
"201",201,26,2,1,106,26,7388904.17741657
"202",202,27,2,1,110,27,8330841.33798686
"203",203,28,2,1,114,28,7938862.13828118
"204",204,29,2,1,118,29,8669279.62720663
"205",205,30,2,1,122,30,8322945.3416415
"206",206,31,2,1,126,31,9286851.34977229
"207",207,32,2,1,130,32,9283954.66514408
"208",208,33,2,1,134,33,10957063.8694559
"209",209,34,2,1,138,34,11187201.1261917
"210",210,35,2,1,142,35,11599613.7357592
"211",211,1,1,1,6,1,361.408610845976
"212",212,2,1,1,10,2,20297.7435380062
"213",213,3,1,1,14,3,126701.227769854
"214",214,4,1,1,18,4,283850.906511306
"215",215,5,1,1,22,5,385948.758284494
"216",216,6,1,1,26,6,471932.774678977
"217",217,7,1,1,30,7,999526.468192531
"218",218,8,1,1,34,8,974880.041851282
"219",219,9,1,1,38,9,1390096.23484923
"220",220,10,1,1,42,10,1403719.9862556
"221",221,11,1,1,46,11,1966896.7225238
"222",222,12,1,1,50,12,2242966.36586811
"223",223,13,1,1,54,13,3195304.28010042
"224",224,14,1,1,58,14,4055159.66723271
"225",225,15,1,1,62,15,3454066.91765696
"226",226,16,1,1,66,16,3968051.26846874
"227",227,17,1,1,70,17,3974722.27415658
"228",228,18,1,1,74,18,4541907.65363577
"229",229,19,1,1,78,19,4785955.05248884
"230",230,20,1,1,82,20,5739469.88041649
"231",231,21,1,1,86,21,5485890.30737117
"232",232,22,1,1,90,22,6209966.53300886
"233",233,23,1,1,94,23,5987810.27335257
"234",234,24,1,1,98,24,7228878.37898127
"235",235,25,1,1,102,25,6476290.72468218
"236",236,26,1,1,106,26,6623426.88202725
"237",237,27,1,1,110,27,7811512.72477569
"238",238,28,1,1,114,28,7255229.35051026
"239",239,29,1,1,118,29,9394304.18297257
"240",240,30,1,1,122,30,10235573.8292743
"241",241,31,1,1,126,31,9441178.97454636
"242",242,32,1,1,130,32,8250538.30499594
"243",243,33,1,1,134,33,10832526.4287063
"244",244,34,1,1,138,34,9053573.06312956
"245",245,35,1,1,142,35,10990878.2903562
"246",246,1,2,1,6,1,0.00139781403916966
"247",247,2,2,1,10,2,12.6877482633037
"248",248,3,2,1,14,3,1346.96697505448
"249",249,4,2,1,18,4,1307.37359170043
"250",250,5,2,1,22,5,32980.8340808304
"251",251,6,2,1,26,6,196114.254108244
"252",252,7,2,1,30,7,306082.243575227
"253",253,8,2,1,34,8,902566.778268541
"254",254,9,2,1,38,9,755775.899099272
"255",255,10,2,1,42,10,709143.756969977
"256",256,11,2,1,46,11,1403498.56913677
"257",257,12,2,1,50,12,1124432.35535315
"258",258,13,2,1,54,13,1678895.73487407
"259",259,14,2,1,58,14,3885983.52677951
"260",260,15,2,1,62,15,2870974.61842005
"261",261,16,2,1,66,16,2920425.92154101
"262",262,17,2,1,70,17,4667380.99686189
"263",263,18,2,1,74,18,4784480.64013491
"264",264,19,2,1,78,19,5188270.65231416
"265",265,20,2,1,82,20,5083666.20604696
"266",266,21,2,1,86,21,5149333.33571556
"267",267,22,2,1,90,22,5638299.43537189
"268",268,23,2,1,94,23,7394863.33748567
"269",269,24,2,1,98,24,6573530.3251277
"270",270,25,2,1,102,25,6610054.60115862
"271",271,26,2,1,106,26,7527911.26017574
"272",272,27,2,1,110,27,7769763.13756759
"273",273,28,2,1,114,28,8146831.47384328
"274",274,29,2,1,118,29,9158653.5814792
"275",275,30,2,1,122,30,9067619.02717041
"276",276,31,2,1,126,31,9650924.54894087
"277",277,32,2,1,130,32,9709431.20165653
"278",278,33,2,1,134,33,9545896.65034438
"279",279,34,2,1,138,34,9925945.52349777
"280",280,35,2,1,142,35,10832177.6573699
"281",281,1,1,1,6,1,369.647501611674
"282",282,2,1,1,10,2,23009.9924281365
"283",283,3,1,1,14,3,110090.669521324
"284",284,4,1,1,18,4,322545.587677455
"285",285,5,1,1,22,5,504716.247114217
"286",286,6,1,1,26,6,512329.933771086
"287",287,7,1,1,30,7,992004.660720887
"288",288,8,1,1,34,8,1011372.67467176
"289",289,9,1,1,38,9,1350052.43215798
"290",290,10,1,1,42,10,2096767.76868022
"291",291,11,1,1,46,11,2269404.86103367
"292",292,12,1,1,50,12,2425885.3680776
"293",293,13,1,1,54,13,2203815.6233864
"294",294,14,1,1,58,14,2734021.85477849
"295",295,15,1,1,62,15,3250943.53809736
"296",296,16,1,1,66,16,4558703.57923855
"297",297,17,1,1,70,17,4432894.95668684
"298",298,18,1,1,74,18,5363323.22461019
"299",299,19,1,1,78,19,4584031.62330038
"300",300,20,1,1,82,20,4711785.22368444
"301",301,21,1,1,86,21,5888694.97066351
"302",302,22,1,1,90,22,5591280.0844003
"303",303,23,1,1,94,23,6104275.08634123
"304",304,24,1,1,98,24,7121855.48316761
"305",305,25,1,1,102,25,6805153.4102293
"306",306,26,1,1,106,26,7895806.81628072
"307",307,27,1,1,110,27,7794222.80647683
"308",308,28,1,1,114,28,8096994.13058569
"309",309,29,1,1,118,29,8212934.94579292
"310",310,30,1,1,122,30,8815928.884596
"311",311,31,1,1,126,31,8635239.04024395
"312",312,32,1,1,130,32,9866393.7359488
"313",313,33,1,1,134,33,9199308.57341549
"314",314,34,1,1,138,34,10908277.5664285
"315",315,35,1,1,142,35,9817988.36090854
"316",316,1,2,1,6,1,0.603323063067549
"317",317,2,2,1,10,2,12.0145525612506
"318",318,3,2,1,14,3,160.309665071357
"319",319,4,2,1,18,4,2993.65671727866
"320",320,5,2,1,22,5,46513.8685920835
"321",321,6,2,1,26,6,139620.300667881
"322",322,7,2,1,30,7,263905.390114764
"323",323,8,2,1,34,8,641078.61346829
"324",324,9,2,1,38,9,795865.03584603
"325",325,10,2,1,42,10,1321345.19558757
"326",326,11,2,1,46,11,3138582.67630857
"327",327,12,2,1,50,12,3153279.07481353
"328",328,13,2,1,54,13,1764635.19306026
"329",329,14,2,1,58,14,3620319.70389648
"330",330,15,2,1,62,15,3236801.45463293
"331",331,16,2,1,66,16,3365912.78050559
"332",332,17,2,1,70,17,4273856.45080226
"333",333,18,2,1,74,18,4940313.00785026
"334",334,19,2,1,78,19,4028099.88755422
"335",335,20,2,1,82,20,5283454.59174763
"336",336,21,2,1,86,21,4206011.86831125
"337",337,22,2,1,90,22,6246886.76186781
"338",338,23,2,1,94,23,6245250.22790954
"339",339,24,2,1,98,24,6781193.29236559
"340",340,25,2,1,102,25,7848700.45471679
"341",341,26,2,1,106,26,8148159.71290693
"342",342,27,2,1,110,27,8382831.48814569
"343",343,28,2,1,114,28,8784994.48090691
"344",344,29,2,1,118,29,9029258.71897551
"345",345,30,2,1,122,30,8282086.61352885
"346",346,31,2,1,126,31,8934652.92808261
"347",347,32,2,1,130,32,10628206.1329682
"348",348,33,2,1,134,33,9500490.4853361
"349",349,34,2,1,138,34,11166640.4918154
"350",350,35,2,1,142,35,10299369.7448764
"351",351,1,1,1,6,1,933.996977017404
"352",352,2,1,1,10,2,27994.9112611244
"353",353,3,1,1,14,3,140128.828482604
"354",354,4,1,1,18,4,115153.036725325
"355",355,5,1,1,22,5,484976.235461285
"356",356,6,1,1,26,6,593952.113911132
"357",357,7,1,1,30,7,872180.223047995
"358",358,8,1,1,34,8,1218446.05152005
"359",359,9,1,1,38,9,1626552.60647503
"360",360,10,1,1,42,10,1305326.21405091
"361",361,11,1,1,46,11,2401944.19155397
"362",362,12,1,1,50,12,2508968.29548579
"363",363,13,1,1,54,13,3090418.93609507
"364",364,14,1,1,58,14,3455971.04851278
"365",365,15,1,1,62,15,2784989.98625318
"366",366,16,1,1,66,16,3428947.71710791
"367",367,17,1,1,70,17,4396614.16226421
"368",368,18,1,1,74,18,4614396.1669112
"369",369,19,1,1,78,19,4090935.48016474
"370",370,20,1,1,82,20,5195603.0526696
"371",371,21,1,1,86,21,6260872.78447846
"372",372,22,1,1,90,22,6784033.31713044
"373",373,23,1,1,94,23,6523742.01009325
"374",374,24,1,1,98,24,6937132.62075862
"375",375,25,1,1,102,25,6709339.85135362
"376",376,26,1,1,106,26,7531917.59618143
"377",377,27,1,1,110,27,7695920.22639601
"378",378,28,1,1,114,28,7722848.78298023
"379",379,29,1,1,118,29,7928673.701192
"380",380,30,1,1,122,30,9410743.83465935
"381",381,31,1,1,126,31,9622994.47647372
"382",382,32,1,1,130,32,9272804.58813306
"383",383,33,1,1,134,33,10748657.2562501
"384",384,34,1,1,138,34,11435680.5191846
"385",385,35,1,1,142,35,10659290.4935126
"386",386,1,2,1,6,1,0.000181317578971982
"387",387,2,2,1,10,2,8.59996668496714
"388",388,3,2,1,14,3,533.505279701655
"389",389,4,2,1,18,4,966.674880231212
"390",390,5,2,1,22,5,42023.9428749465
"391",391,6,2,1,26,6,92748.8446131237
"392",392,7,2,1,30,7,343565.717279582
"393",393,8,2,1,34,8,331580.788375193
"394",394,9,2,1,38,9,605481.138373179
"395",395,10,2,1,42,10,669205.364029845
"396",396,11,2,1,46,11,796236.995771856
"397",397,12,2,1,50,12,2353905.49326705
"398",398,13,2,1,54,13,1491509.72103751
"399",399,14,2,1,58,14,3169993.01465385
"400",400,15,2,1,62,15,2682347.25633605
"401",401,16,2,1,66,16,4092095.91636022
"402",402,17,2,1,70,17,5095633.99005766
"403",403,18,2,1,74,18,5428860.62972559
"404",404,19,2,1,78,19,4030788.35380058
"405",405,20,2,1,82,20,6068107.48820573
"406",406,21,2,1,86,21,5073164.58534462
"407",407,22,2,1,90,22,6408244.47362269
"408",408,23,2,1,94,23,5859144.72795259
"409",409,24,2,1,98,24,6603784.63939312
"410",410,25,2,1,102,25,6975113.04506061
"411",411,26,2,1,106,26,7400098.47476164
"412",412,27,2,1,110,27,8769473.85909034
"413",413,28,2,1,114,28,8414416.48466877
"414",414,29,2,1,118,29,8451485.67560525
"415",415,30,2,1,122,30,7975536.89443327
"416",416,31,2,1,126,31,9052449.67047137
"417",417,32,2,1,130,32,9428806.69107655
"418",418,33,2,1,134,33,6711747.89985159
"419",419,34,2,1,138,34,11015342.3355612
"420",420,35,2,1,142,35,11410183.4871968
"421",421,1,1,1,6,1,307.449475384003
"422",422,2,1,1,10,2,48888.4337778087
"423",423,3,1,1,14,3,138995.87446973
"424",424,4,1,1,18,4,212114.08734565
"425",425,5,1,1,22,5,509787.587449082
"426",426,6,1,1,26,6,575802.43231813
"427",427,7,1,1,30,7,854746.496238608
"428",428,8,1,1,34,8,1051628.54417893
"429",429,9,1,1,38,9,1553899.89754266
"430",430,10,1,1,42,10,2461708.23115012
"431",431,11,1,1,46,11,2397953.35290351
"432",432,12,1,1,50,12,2943844.8174279
"433",433,13,1,1,54,13,3341059.30600242
"434",434,14,1,1,58,14,3040591.37890547
"435",435,15,1,1,62,15,3245743.06651473
"436",436,16,1,1,66,16,4277888.08072748
"437",437,17,1,1,70,17,5337634.36853837
"438",438,18,1,1,74,18,3774720.38352347
"439",439,19,1,1,78,19,5140374.63988932
"440",440,20,1,1,82,20,5903899.74945303
"441",441,21,1,1,86,21,5498019.3593038
"442",442,22,1,1,90,22,6153577.46217153
"443",443,23,1,1,94,23,7045006.5633196
"444",444,24,1,1,98,24,7629234.84708162
"445",445,25,1,1,102,25,6541705.41863733
"446",446,26,1,1,106,26,7666002.26887402
"447",447,27,1,1,110,27,7950808.08403473
"448",448,28,1,1,114,28,8090583.54401954
"449",449,29,1,1,118,29,8519294.29726159
"450",450,30,1,1,122,30,8999690.14761646
"451",451,31,1,1,126,31,9357249.85072377
"452",452,32,1,1,130,32,9942355.96612914
"453",453,33,1,1,134,33,9593662.28986324
"454",454,34,1,1,138,34,10313228.6951214
"455",455,35,1,1,142,35,10868645.5648163
"456",456,1,2,1,6,1,0.0747437011956945
"457",457,2,2,1,10,2,7.20394913401471
"458",458,3,2,1,14,3,57.5941871729837
"459",459,4,2,1,18,4,3807.01278434662
"460",460,5,2,1,22,5,21195.4661384899
"461",461,6,2,1,26,6,263993.166150907
"462",462,7,2,1,30,7,481725.527653867
"463",463,8,2,1,34,8,291910.484762631
"464",464,9,2,1,38,9,480313.221147047
"465",465,10,2,1,42,10,1623545.17247779
"466",466,11,2,1,46,11,989746.724550999
"467",467,12,2,1,50,12,888324.474209698
"468",468,13,2,1,54,13,1155638.91530131
"469",469,14,2,1,58,14,2038326.89925975
"470",470,15,2,1,62,15,3382097.48417351
"471",471,16,2,1,66,16,3254671.37178988
"472",472,17,2,1,70,17,4419191.27046435
"473",473,18,2,1,74,18,4305735.24606678
"474",474,19,2,1,78,19,5068605.20584394
"475",475,20,2,1,82,20,5070538.68580479
"476",476,21,2,1,86,21,4860702.46456732
"477",477,22,2,1,90,22,6069732.7783791
"478",478,23,2,1,94,23,6848340.77771013
"479",479,24,2,1,98,24,6471194.09342957
"480",480,25,2,1,102,25,5374775.79475505
"481",481,26,2,1,106,26,6773299.60142139
"482",482,27,2,1,110,27,6822740.95623047
"483",483,28,2,1,114,28,7537143.28618104
"484",484,29,2,1,118,29,8375931.78845191
"485",485,30,2,1,122,30,8165626.66318137
"486",486,31,2,1,126,31,9834959.3573016
"487",487,32,2,1,130,32,9795109.13014443
"488",488,33,2,1,134,33,9350806.63084754
"489",489,34,2,1,138,34,11299917.060769
"490",490,35,2,1,142,35,9786941.46801013
"491",491,1,1,1,6,1,254.756260000644
"492",492,2,1,1,10,2,7993.64916096957
"493",493,3,1,1,14,3,178188.08175356
"494",494,4,1,1,18,4,242810.655674805
"495",495,5,1,1,22,5,367582.565537884
"496",496,6,1,1,26,6,640610.949044207
"497",497,7,1,1,30,7,1031044.09207322
"498",498,8,1,1,34,8,1115784.44952873
"499",499,9,1,1,38,9,1924708.41922719
"500",500,10,1,1,42,10,2162008.87782113
"501",501,11,1,1,46,11,2469045.92402771
"502",502,12,1,1,50,12,2438143.79068718
"503",503,13,1,1,54,13,2978111.4339295
"504",504,14,1,1,58,14,3621181.83774613
"505",505,15,1,1,62,15,3658445.6231027
"506",506,16,1,1,66,16,4086604.37183372
"507",507,17,1,1,70,17,4541200.0031069
"508",508,18,1,1,74,18,3511309.91554042
"509",509,19,1,1,78,19,5642438.40229684
"510",510,20,1,1,82,20,4912462.72757689
"511",511,21,1,1,86,21,4928713.90652949
"512",512,22,1,1,90,22,6114970.78301114
"513",513,23,1,1,94,23,6910460.36108347
"514",514,24,1,1,98,24,7133246.90144421
"515",515,25,1,1,102,25,6802898.31978614
"516",516,26,1,1,106,26,7562683.41522824
"517",517,27,1,1,110,27,6356348.07430586
"518",518,28,1,1,114,28,9019919.66322479
"519",519,29,1,1,118,29,9155238.77221021
"520",520,30,1,1,122,30,9280569.44595574
"521",521,31,1,1,126,31,8786480.9303663
"522",522,32,1,1,130,32,9837386.61668742
"523",523,33,1,1,134,33,10045801.3749462
"524",524,34,1,1,138,34,10391574.9634018
"525",525,35,1,1,142,35,10804672.5992104
"526",526,1,2,1,6,1,0.012569018943007
"527",527,2,2,1,10,2,7.19919328360105
"528",528,3,2,1,14,3,1336.19992130917
"529",529,4,2,1,18,4,1717.46539333693
"530",530,5,2,1,22,5,5420.83462147976
"531",531,6,2,1,26,6,135481.389990797
"532",532,7,2,1,30,7,95567.956474188
"533",533,8,2,1,34,8,393580.261350494
"534",534,9,2,1,38,9,854137.824763588
"535",535,10,2,1,42,10,1250297.23817071
"536",536,11,2,1,46,11,1368645.72299826
"537",537,12,2,1,50,12,3016273.43594874
"538",538,13,2,1,54,13,2181788.33062268
"539",539,14,2,1,58,14,3015152.72964213
"540",540,15,2,1,62,15,3053420.94659617
"541",541,16,2,1,66,16,3627778.08821435
"542",542,17,2,1,70,17,4288864.80734806
"543",543,18,2,1,74,18,4443533.61948987
"544",544,19,2,1,78,19,5054566.26949397
"545",545,20,2,1,82,20,5636809.29838455
"546",546,21,2,1,86,21,6189904.23639478
"547",547,22,2,1,90,22,5708700.46188096
"548",548,23,2,1,94,23,5995862.23299333
"549",549,24,2,1,98,24,6059678.15209212
"550",550,25,2,1,102,25,7764755.98783394
"551",551,26,2,1,106,26,7717796.73235296
"552",552,27,2,1,110,27,8241741.32881989
"553",553,28,2,1,114,28,8417552.04505104
"554",554,29,2,1,118,29,8916703.17910423
"555",555,30,2,1,122,30,8932930.0418013
"556",556,31,2,1,126,31,10116306.1213557
"557",557,32,2,1,130,32,10025397.5511551
"558",558,33,2,1,134,33,9146021.0812838
"559",559,34,2,1,138,34,10440486.9242521
"560",560,35,2,1,142,35,9957873.50095071
"561",561,1,1,1,6,1,415.39322899833
"562",562,2,1,1,10,2,17714.9648018158
"563",563,3,1,1,14,3,148199.934407874
"564",564,4,1,1,18,4,273413.631769203
"565",565,5,1,1,22,5,385694.030069993
"566",566,6,1,1,26,6,669041.040227771
"567",567,7,1,1,30,7,873231.623518047
"568",568,8,1,1,34,8,1097278.54610675
"569",569,9,1,1,38,9,1404681.78303164
"570",570,10,1,1,42,10,1189740.01482423
"571",571,11,1,1,46,11,2245843.36301348
"572",572,12,1,1,50,12,2335230.885732
"573",573,13,1,1,54,13,2335738.51154846
"574",574,14,1,1,58,14,3591227.63444046
"575",575,15,1,1,62,15,3942426.89090095
"576",576,16,1,1,66,16,3814901.08197816
"577",577,17,1,1,70,17,4839566.56886694
"578",578,18,1,1,74,18,5360860.37091943
"579",579,19,1,1,78,19,5456923.78657358
"580",580,20,1,1,82,20,5469128.34864443
"581",581,21,1,1,86,21,5805648.84642638
"582",582,22,1,1,90,22,6256665.25210844
"583",583,23,1,1,94,23,5988724.23886876
"584",584,24,1,1,98,24,5893364.23603927
"585",585,25,1,1,102,25,8095499.82765477
"586",586,26,1,1,106,26,7146511.93582243
"587",587,27,1,1,110,27,8182001.08579478
"588",588,28,1,1,114,28,9118838.718964
"589",589,29,1,1,118,29,8110705.02322028
"590",590,30,1,1,122,30,9152078.19254979
"591",591,31,1,1,126,31,9452588.4494309
"592",592,32,1,1,130,32,9504309.46290916
"593",593,33,1,1,134,33,9919018.23710777
"594",594,34,1,1,138,34,10077213.9946365
"595",595,35,1,1,142,35,10582538.7342427
"596",596,1,2,1,6,1,0.00693948898879433
"597",597,2,2,1,10,2,275.125753019237
"598",598,3,2,1,14,3,372.845311554161
"599",599,4,2,1,18,4,14067.3738565128
"600",600,5,2,1,22,5,146021.234569189
"601",601,6,2,1,26,6,70317.125730015
"602",602,7,2,1,30,7,439372.282448715
"603",603,8,2,1,34,8,547584.638815707
"604",604,9,2,1,38,9,340020.149336978
"605",605,10,2,1,42,10,2533745.08292626
"606",606,11,2,1,46,11,882030.308274757
"607",607,12,2,1,50,12,1497183.70726494
"608",608,13,2,1,54,13,1428002.96257002
"609",609,14,2,1,58,14,3374169.7611343
"610",610,15,2,1,62,15,4144408.17676266
"611",611,16,2,1,66,16,3673530.53397726
"612",612,17,2,1,70,17,4512359.58045639
"613",613,18,2,1,74,18,3931009.18660204
"614",614,19,2,1,78,19,4224289.9940532
"615",615,20,2,1,82,20,5684123.34522178
"616",616,21,2,1,86,21,5838008.3561878
"617",617,22,2,1,90,22,6111914.62197744
"618",618,23,2,1,94,23,6975346.93093266
"619",619,24,2,1,98,24,6832405.7721194
"620",620,25,2,1,102,25,7123524.01235454
"621",621,26,2,1,106,26,6339491.32273861
"622",622,27,2,1,110,27,6449367.16454781
"623",623,28,2,1,114,28,8785949.15153629
"624",624,29,2,1,118,29,8440752.61610037
"625",625,30,2,1,122,30,8454706.94330201
"626",626,31,2,1,126,31,9783746.41082539
"627",627,32,2,1,130,32,9416556.70599983
"628",628,33,2,1,134,33,8618389.81616558
"629",629,34,2,1,138,34,11936747.0285739
"630",630,35,2,1,142,35,10670311.3413948
"631",631,1,1,1,6,1,399.987644814537
"632",632,2,1,1,10,2,36315.895326197
"633",633,3,1,1,14,3,184471.245863217
"634",634,4,1,1,18,4,281640.309851476
"635",635,5,1,1,22,5,491283.656218656
"636",636,6,1,1,26,6,647484.761129992
"637",637,7,1,1,30,7,915092.79879199
"638",638,8,1,1,34,8,976693.051468513
"639",639,9,1,1,38,9,1433104.77461169
"640",640,10,1,1,42,10,1878466.46176279
"641",641,11,1,1,46,11,2435839.31581537
"642",642,12,1,1,50,12,2567695.59991228
"643",643,13,1,1,54,13,3411430.35326196
"644",644,14,1,1,58,14,3397515.83945177
"645",645,15,1,1,62,15,3514054.19101562
"646",646,16,1,1,66,16,4014052.97725235
"647",647,17,1,1,70,17,4132326.58498511
"648",648,18,1,1,74,18,4658744.67024001
"649",649,19,1,1,78,19,4992613.6894027
"650",650,20,1,1,82,20,6085301.76283469
"651",651,21,1,1,86,21,4481851.42929739
"652",652,22,1,1,90,22,5664557.67275568
"653",653,23,1,1,94,23,5926853.1691831
"654",654,24,1,1,98,24,6506940.21401746
"655",655,25,1,1,102,25,7567252.45871987
"656",656,26,1,1,106,26,8140416.34491106
"657",657,27,1,1,110,27,8113038.37438081
"658",658,28,1,1,114,28,9370931.36905387
"659",659,29,1,1,118,29,8823440.35643411
"660",660,30,1,1,122,30,9142316.91146443
"661",661,31,1,1,126,31,9029839.27472909
"662",662,32,1,1,130,32,9594264.72663694
"663",663,33,1,1,134,33,9463731.28850226
"664",664,34,1,1,138,34,11161424.2315694
"665",665,35,1,1,142,35,10937068.7438028
"666",666,1,2,1,6,1,4.1304296776825e-06
"667",667,2,2,1,10,2,6.75134259554956
"668",668,3,2,1,14,3,3804.34599835363
"669",669,4,2,1,18,4,4093.56644700659
"670",670,5,2,1,22,5,80682.7012371876
"671",671,6,2,1,26,6,25571.0205234473
"672",672,7,2,1,30,7,361515.97110019
"673",673,8,2,1,34,8,183552.319706369
"674",674,9,2,1,38,9,205131.332508807
"675",675,10,2,1,42,10,1100658.73505799
"676",676,11,2,1,46,11,1961073.931091
"677",677,12,2,1,50,12,2385851.75821637
"678",678,13,2,1,54,13,2838385.83989236
"679",679,14,2,1,58,14,3166615.4904907
"680",680,15,2,1,62,15,3582005.77187849
"681",681,16,2,1,66,16,4143960.30755291
"682",682,17,2,1,70,17,3764755.15048119
"683",683,18,2,1,74,18,5001946.20822716
"684",684,19,2,1,78,19,3557840.19214579
"685",685,20,2,1,82,20,4973040.94897016
"686",686,21,2,1,86,21,5461332.34988556
"687",687,22,2,1,90,22,6145743.8256692
"688",688,23,2,1,94,23,5736008.42769036
"689",689,24,2,1,98,24,6141361.59919786
"690",690,25,2,1,102,25,7803995.88341018
"691",691,26,2,1,106,26,7872992.39885236
"692",692,27,2,1,110,27,7998700.19308112
"693",693,28,2,1,114,28,7998736.51984165
"694",694,29,2,1,118,29,8880134.90869653
"695",695,30,2,1,122,30,8881386.32296394
"696",696,31,2,1,126,31,9926108.92234278
"697",697,32,2,1,130,32,9433480.82039333
"698",698,33,2,1,134,33,9431022.15369379
"699",699,34,2,1,138,34,10428999.6588233
"700",700,35,2,1,142,35,10710569.6703623
"701",701,1,1,1,6,1,627.427155557879
"702",702,2,1,1,10,2,34930.8729274043
"703",703,3,1,1,14,3,175683.493053243
"704",704,4,1,1,18,4,264705.929815893
"705",705,5,1,1,22,5,411364.775686633
"706",706,6,1,1,26,6,695429.822369383
"707",707,7,1,1,30,7,1018311.51523058
"708",708,8,1,1,34,8,1192635.394469
"709",709,9,1,1,38,9,1692691.74572477
"710",710,10,1,1,42,10,2324458.28139732
"711",711,11,1,1,46,11,1874613.17788554
"712",712,12,1,1,50,12,3078628.95474024
"713",713,13,1,1,54,13,2842052.47282755
"714",714,14,1,1,58,14,3371773.32749241
"715",715,15,1,1,62,15,3155785.06685622
"716",716,16,1,1,66,16,3802866.52786791
"717",717,17,1,1,70,17,3618524.30515568
"718",718,18,1,1,74,18,4437540.51440878
"719",719,19,1,1,78,19,5017053.35889923
"720",720,20,1,1,82,20,5610465.44966204
"721",721,21,1,1,86,21,5463989.78688995
"722",722,22,1,1,90,22,6536631.16958339
"723",723,23,1,1,94,23,6307909.86764543
"724",724,24,1,1,98,24,6852621.55488159
"725",725,25,1,1,102,25,6060579.98926908
"726",726,26,1,1,106,26,7367044.08385027
"727",727,27,1,1,110,27,7474438.89481567
"728",728,28,1,1,114,28,8106642.11481767
"729",729,29,1,1,118,29,7466762.78462644
"730",730,30,1,1,122,30,8947434.35080493
"731",731,31,1,1,126,31,9282478.13992221
"732",732,32,1,1,130,32,9981760.24272704
"733",733,33,1,1,134,33,10375398.1001278
"734",734,34,1,1,138,34,11472435.4510996
"735",735,35,1,1,142,35,10753703.4847014
"736",736,1,2,1,6,1,0.00795362347325981
"737",737,2,2,1,10,2,93.810915938167
"738",738,3,2,1,14,3,1351.36897192524
"739",739,4,2,1,18,4,19760.7366846907
"740",740,5,2,1,22,5,89200.9934987479
"741",741,6,2,1,26,6,113617.575831742
"742",742,7,2,1,30,7,281951.901957338
"743",743,8,2,1,34,8,473890.574923909
"744",744,9,2,1,38,9,1073586.31323864
"745",745,10,2,1,42,10,571624.849502917
"746",746,11,2,1,46,11,1331129.22191787
"747",747,12,2,1,50,12,1495519.80613693
"748",748,13,2,1,54,13,2259575.7766251
"749",749,14,2,1,58,14,3664718.90106355
"750",750,15,2,1,62,15,3439146.24929243
"751",751,16,2,1,66,16,3723947.60080311
"752",752,17,2,1,70,17,4005303.42701664
"753",753,18,2,1,74,18,5248829.10481428
"754",754,19,2,1,78,19,5064462.00514153
"755",755,20,2,1,82,20,4676555.56184762
"756",756,21,2,1,86,21,5919163.35875219
"757",757,22,2,1,90,22,5879101.57662538
"758",758,23,2,1,94,23,5724298.61196465
"759",759,24,2,1,98,24,7013678.89225385
"760",760,25,2,1,102,25,6638616.02130477
"761",761,26,2,1,106,26,7196571.16321413
"762",762,27,2,1,110,27,8591012.33087126
"763",763,28,2,1,114,28,8079516.48059084
"764",764,29,2,1,118,29,8500245.5891731
"765",765,30,2,1,122,30,9340089.80075356
"766",766,31,2,1,126,31,9024368.5586751
"767",767,32,2,1,130,32,9195039.69544177
"768",768,33,2,1,134,33,10906116.0780009
"769",769,34,2,1,138,34,9050369.50604668
"770",770,35,2,1,142,35,9884200.38360241
"771",771,1,1,1,6,1,145.645207504629
"772",772,2,1,1,10,2,13179.3310256357
"773",773,3,1,1,14,3,120908.229019861
"774",774,4,1,1,18,4,348735.795239981
"775",775,5,1,1,22,5,514358.11401179
"776",776,6,1,1,26,6,560899.741817945
"777",777,7,1,1,30,7,952111.304760321
"778",778,8,1,1,34,8,1208170.63959324
"779",779,9,1,1,38,9,1648509.5101828
"780",780,10,1,1,42,10,2194655.73400659
"781",781,11,1,1,46,11,2315647.28429009
"782",782,12,1,1,50,12,1535086.26330117
"783",783,13,1,1,54,13,3081553.78484917
"784",784,14,1,1,58,14,3632137.77458183
"785",785,15,1,1,62,15,3427835.87780676
"786",786,16,1,1,66,16,4134594.19508304
"787",787,17,1,1,70,17,4951412.11936219
"788",788,18,1,1,74,18,4263038.08863587
"789",789,19,1,1,78,19,5342207.86694172
"790",790,20,1,1,82,20,5322391.27408891
"791",791,21,1,1,86,21,5749496.60492702
"792",792,22,1,1,90,22,6210106.948995
"793",793,23,1,1,94,23,6226485.60722409
"794",794,24,1,1,98,24,6253047.80906568
"795",795,25,1,1,102,25,6288569.60055853
"796",796,26,1,1,106,26,8240607.9346279
"797",797,27,1,1,110,27,7442668.56160528
"798",798,28,1,1,114,28,9471696.10613907
"799",799,29,1,1,118,29,8496343.38098042
"800",800,30,1,1,122,30,9254592.49598682
"801",801,31,1,1,126,31,8607780.35513641
"802",802,32,1,1,130,32,9838383.52137886
"803",803,33,1,1,134,33,9258890.12906658
"804",804,34,1,1,138,34,11110466.0737131
"805",805,35,1,1,142,35,11112321.0032667
"806",806,1,2,1,6,1,8.11863646631764e-08
"807",807,2,2,1,10,2,6.54046310591333
"808",808,3,2,1,14,3,1351.06195984205
"809",809,4,2,1,18,4,10583.6193142097
"810",810,5,2,1,22,5,30768.8967638516
"811",811,6,2,1,26,6,271051.103754672
"812",812,7,2,1,30,7,238976.227629971
"813",813,8,2,1,34,8,378984.385378259
"814",814,9,2,1,38,9,302270.75679888
"815",815,10,2,1,42,10,1087489.60055018
"816",816,11,2,1,46,11,1617316.64109784
"817",817,12,2,1,50,12,1801212.13853501
"818",818,13,2,1,54,13,3026167.88582901
"819",819,14,2,1,58,14,1328586.79034004
"820",820,15,2,1,62,15,4026919.14723821
"821",821,16,2,1,66,16,4085820.88869967
"822",822,17,2,1,70,17,3531247.08449416
"823",823,18,2,1,74,18,5180988.37363412
"824",824,19,2,1,78,19,5239451.39792502
"825",825,20,2,1,82,20,5131953.83275598
"826",826,21,2,1,86,21,5371494.7600978
"827",827,22,2,1,90,22,5753795.1381639
"828",828,23,2,1,94,23,6230711.69148878
"829",829,24,2,1,98,24,6668165.27314615
"830",830,25,2,1,102,25,6973243.17630193
"831",831,26,2,1,106,26,7881218.88668262
"832",832,27,2,1,110,27,7978711.95615737
"833",833,28,2,1,114,28,8184342.7896665
"834",834,29,2,1,118,29,8354383.50969263
"835",835,30,2,1,122,30,9296677.88190143
"836",836,31,2,1,126,31,8350963.36171787
"837",837,32,2,1,130,32,8732877.697345
"838",838,33,2,1,134,33,9927658.26833817
"839",839,34,2,1,138,34,10812984.0451031
"840",840,35,2,1,142,35,10799157.8017792
"841",841,1,1,1,6,1,306.114671400788
"842",842,2,1,1,10,2,18019.6990486325
"843",843,3,1,1,14,3,142443.898448577
"844",844,4,1,1,18,4,287649.57580696
"845",845,5,1,1,22,5,475089.932696035
"846",846,6,1,1,26,6,655991.987648227
"847",847,7,1,1,30,7,595580.444750405
"848",848,8,1,1,34,8,1127817.49855775
"849",849,9,1,1,38,9,1590347.91543904
"850",850,10,1,1,42,10,2761538.03098821
"851",851,11,1,1,46,11,2022157.27991097
"852",852,12,1,1,50,12,2783845.98812693
"853",853,13,1,1,54,13,2865612.29578406
"854",854,14,1,1,58,14,3705735.89446327
"855",855,15,1,1,62,15,3636681.3244126
"856",856,16,1,1,66,16,4449536.58106744
"857",857,17,1,1,70,17,4187917.97329773
"858",858,18,1,1,74,18,4067438.78905236
"859",859,19,1,1,78,19,5693957.35753506
"860",860,20,1,1,82,20,5310584.46088701
"861",861,21,1,1,86,21,5627169.77242412
"862",862,22,1,1,90,22,6323028.47236237
"863",863,23,1,1,94,23,7136535.68962952
"864",864,24,1,1,98,24,6931649.46929919
"865",865,25,1,1,102,25,7322702.2811051
"866",866,26,1,1,106,26,6732154.49269368
"867",867,27,1,1,110,27,8344382.78093967
"868",868,28,1,1,114,28,8717028.3431556
"869",869,29,1,1,118,29,9296412.31236231
"870",870,30,1,1,122,30,9687364.91060941
"871",871,31,1,1,126,31,7844185.22301627
"872",872,32,1,1,130,32,8457772.83878027
"873",873,33,1,1,134,33,10257352.5374608
"874",874,34,1,1,138,34,10901296.3425255
"875",875,35,1,1,142,35,11478600.911364
"876",876,1,2,1,6,1,0.00599617080439737
"877",877,2,2,1,10,2,82.5373377770863
"878",878,3,2,1,14,3,2822.35763051856
"879",879,4,2,1,18,4,3404.58204185917
"880",880,5,2,1,22,5,90686.8509957405
"881",881,6,2,1,26,6,77369.0946952152
"882",882,7,2,1,30,7,304152.003337862
"883",883,8,2,1,34,8,530096.043773948
"884",884,9,2,1,38,9,454110.303832561
"885",885,10,2,1,42,10,1087080.37946898
"886",886,11,2,1,46,11,1181472.81306434
"887",887,12,2,1,50,12,2968885.34660798
"888",888,13,2,1,54,13,2503031.40059682
"889",889,14,2,1,58,14,3466710.8168679
"890",890,15,2,1,62,15,3652505.94877042
"891",891,16,2,1,66,16,4349923.02854807
"892",892,17,2,1,70,17,3880533.46436016
"893",893,18,2,1,74,18,4485537.10712054
"894",894,19,2,1,78,19,5038740.72127986
"895",895,20,2,1,82,20,5781708.97353293
"896",896,21,2,1,86,21,5717551.89674545
"897",897,22,2,1,90,22,5254136.60453767
"898",898,23,2,1,94,23,6322867.02716753
"899",899,24,2,1,98,24,5548380.2589109
"900",900,25,2,1,102,25,6285964.25690341
"901",901,26,2,1,106,26,8192704.66604909
"902",902,27,2,1,110,27,8055772.4711742
"903",903,28,2,1,114,28,8224661.97964877
"904",904,29,2,1,118,29,9058312.30386444
"905",905,30,2,1,122,30,8648602.84473446
"906",906,31,2,1,126,31,8990211.47192872
"907",907,32,2,1,130,32,8775670.96613659
"908",908,33,2,1,134,33,10372531.7734352
"909",909,34,2,1,138,34,9276558.16054221
"910",910,35,2,1,142,35,11659550.4849427
"911",911,1,1,1,6,1,687.555522532546
"912",912,2,1,1,10,2,24877.5565712913
"913",913,3,1,1,14,3,160418.882775995
"914",914,4,1,1,18,4,234550.905982093
"915",915,5,1,1,22,5,495620.639847869
"916",916,6,1,1,26,6,520274.883368471
"917",917,7,1,1,30,7,875186.319187315
"918",918,8,1,1,34,8,1374488.78434561
"919",919,9,1,1,38,9,1827734.33965727
"920",920,10,1,1,42,10,1962502.59978257
"921",921,11,1,1,46,11,2798721.83668847
"922",922,12,1,1,50,12,3209728.27948545
"923",923,13,1,1,54,13,2430315.4937601
"924",924,14,1,1,58,14,3371640.62638316
"925",925,15,1,1,62,15,3257403.79481283
"926",926,16,1,1,66,16,4254203.22536017
"927",927,17,1,1,70,17,4249162.74861227
"928",928,18,1,1,74,18,5436173.59335558
"929",929,19,1,1,78,19,4874289.40729588
"930",930,20,1,1,82,20,5064563.49128373
"931",931,21,1,1,86,21,5746189.96358257
"932",932,22,1,1,90,22,6535509.50623811
"933",933,23,1,1,94,23,5513021.20695276
"934",934,24,1,1,98,24,6326219.57981727
"935",935,25,1,1,102,25,6643632.45804136
"936",936,26,1,1,106,26,7277073.82083379
"937",937,27,1,1,110,27,8350832.33710937
"938",938,28,1,1,114,28,8298188.59210115
"939",939,29,1,1,118,29,8194620.50731837
"940",940,30,1,1,122,30,8401387.52738823
"941",941,31,1,1,126,31,9394274.11362185
"942",942,32,1,1,130,32,8675151.62509466
"943",943,33,1,1,134,33,9052050.6197395
"944",944,34,1,1,138,34,9981896.44362308
"945",945,35,1,1,142,35,10967905.3908091
"946",946,1,2,1,6,1,0.106433926637254
"947",947,2,2,1,10,2,9.73906111793822
"948",948,3,2,1,14,3,50.8189268192068
"949",949,4,2,1,18,4,2781.393786787
"950",950,5,2,1,22,5,78285.8573043673
"951",951,6,2,1,26,6,453920.890264834
"952",952,7,2,1,30,7,477577.010508749
"953",953,8,2,1,34,8,530391.674578866
"954",954,9,2,1,38,9,639292.523441361
"955",955,10,2,1,42,10,906946.197999201
"956",956,11,2,1,46,11,2279269.312522
"957",957,12,2,1,50,12,3116475.44769397
"958",958,13,2,1,54,13,1605757.3470784
"959",959,14,2,1,58,14,2065986.3449973
"960",960,15,2,1,62,15,1729980.52019597
"961",961,16,2,1,66,16,4196310.37440918
"962",962,17,2,1,70,17,4672807.08716175
"963",963,18,2,1,74,18,4380882.39537662
"964",964,19,2,1,78,19,4861950.83053916
"965",965,20,2,1,82,20,5388123.20192795
"966",966,21,2,1,86,21,5688466.6637391
"967",967,22,2,1,90,22,5949190.27037752
"968",968,23,2,1,94,23,5964931.37137992
"969",969,24,2,1,98,24,7275883.37061685
"970",970,25,2,1,102,25,6977086.24225366
"971",971,26,2,1,106,26,7096951.37756356
"972",972,27,2,1,110,27,6091333.79733924
"973",973,28,2,1,114,28,8160644.62663071
"974",974,29,2,1,118,29,9065776.44485919
"975",975,30,2,1,122,30,7557121.07985434
"976",976,31,2,1,126,31,9536677.20870502
"977",977,32,2,1,130,32,8506081.35066903
"978",978,33,2,1,134,33,10530569.1665232
"979",979,34,2,1,138,34,9988826.89263065
"980",980,35,2,1,142,35,11739176.0796669
"981",981,1,1,1,6,1,219.015512244099
"982",982,2,1,1,10,2,45150.5988798679
"983",983,3,1,1,14,3,152997.904886196
"984",984,4,1,1,18,4,369680.490859931
"985",985,5,1,1,22,5,534328.126264223
"986",986,6,1,1,26,6,565681.823488002
"987",987,7,1,1,30,7,975818.352334401
"988",988,8,1,1,34,8,1376497.26689592
"989",989,9,1,1,38,9,1517939.21860553
"990",990,10,1,1,42,10,1868681.21487582
"991",991,11,1,1,46,11,2300655.21787782
"992",992,12,1,1,50,12,2712686.35774792
"993",993,13,1,1,54,13,3248133.90686037
"994",994,14,1,1,58,14,3616418.75668081
"995",995,15,1,1,62,15,3480597.41273215
"996",996,16,1,1,66,16,4113066.67649188
"997",997,17,1,1,70,17,2975342.78646015
"998",998,18,1,1,74,18,3838622.97738211
"999",999,19,1,1,78,19,4975507.34979493
"1000",1000,20,1,1,82,20,3835020.25444284
"1001",1001,21,1,1,86,21,5070874.50833113
"1002",1002,22,1,1,90,22,6208390.04810965
"1003",1003,23,1,1,94,23,5606590.69648956
"1004",1004,24,1,1,98,24,6260200.748753
"1005",1005,25,1,1,102,25,6822412.79970479
"1006",1006,26,1,1,106,26,7447872.25139203
"1007",1007,27,1,1,110,27,8233234.43062031
"1008",1008,28,1,1,114,28,8820712.25651573
"1009",1009,29,1,1,118,29,9100652.51343014
"1010",1010,30,1,1,122,30,9320958.61885858
"1011",1011,31,1,1,126,31,8762569.00879727
"1012",1012,32,1,1,130,32,9024063.83018984
"1013",1013,33,1,1,134,33,10858097.7872418
"1014",1014,34,1,1,138,34,8830489.09894701
"1015",1015,35,1,1,142,35,11295766.5624729
"1016",1016,1,2,1,6,1,2.25797098511966e-05
"1017",1017,2,2,1,10,2,190.520183039077
"1018",1018,3,2,1,14,3,157.336042941135
"1019",1019,4,2,1,18,4,3865.60600707663
"1020",1020,5,2,1,22,5,22138.0301823051
"1021",1021,6,2,1,26,6,85101.1849208045
"1022",1022,7,2,1,30,7,341129.71317433
"1023",1023,8,2,1,34,8,380593.450873583
"1024",1024,9,2,1,38,9,963000.645660713
"1025",1025,10,2,1,42,10,1110615.36576577
"1026",1026,11,2,1,46,11,1141670.99170202
"1027",1027,12,2,1,50,12,2120333.39474233
"1028",1028,13,2,1,54,13,3515598.90966527
"1029",1029,14,2,1,58,14,2024623.87882162
"1030",1030,15,2,1,62,15,3350927.70142817
"1031",1031,16,2,1,66,16,3576948.30143446
"1032",1032,17,2,1,70,17,4019652.90989818
"1033",1033,18,2,1,74,18,4180683.09850667
"1034",1034,19,2,1,78,19,5048684.76128553
"1035",1035,20,2,1,82,20,5937990.08621356
"1036",1036,21,2,1,86,21,6498636.09381324
"1037",1037,22,2,1,90,22,5980651.54916443
"1038",1038,23,2,1,94,23,5720762.7285906
"1039",1039,24,2,1,98,24,5960594.17688389
"1040",1040,25,2,1,102,25,6292820.34133164
"1041",1041,26,2,1,106,26,7926990.28496209
"1042",1042,27,2,1,110,27,7854994.33196576
"1043",1043,28,2,1,114,28,8090193.98942448
"1044",1044,29,2,1,118,29,8960454.03995049
"1045",1045,30,2,1,122,30,5529473.29610425
"1046",1046,31,2,1,126,31,10565350.7791041
"1047",1047,32,2,1,130,32,9460218.36695401
"1048",1048,33,2,1,134,33,10494252.216013
"1049",1049,34,2,1,138,34,10262153.8892699
"1050",1050,35,2,1,142,35,10918652.0367355
"1051",1051,1,1,1,6,1,211.787131932827
"1052",1052,2,1,1,10,2,20739.3862749968
"1053",1053,3,1,1,14,3,41445.595294114
"1054",1054,4,1,1,18,4,285112.422662756
"1055",1055,5,1,1,22,5,424465.880930558
"1056",1056,6,1,1,26,6,623116.667983349
"1057",1057,7,1,1,30,7,793106.269367818
"1058",1058,8,1,1,34,8,1113013.00518496
"1059",1059,9,1,1,38,9,1715415.74541957
"1060",1060,10,1,1,42,10,1552886.13956647
"1061",1061,11,1,1,46,11,2304792.85236967
"1062",1062,12,1,1,50,12,2930262.37454851
"1063",1063,13,1,1,54,13,3038890.99446273
"1064",1064,14,1,1,58,14,2795286.16037885
"1065",1065,15,1,1,62,15,3620336.47763702
"1066",1066,16,1,1,66,16,4229388.86932435
"1067",1067,17,1,1,70,17,4266087.79415024
"1068",1068,18,1,1,74,18,4955686.37686633
"1069",1069,19,1,1,78,19,4501733.11507527
"1070",1070,20,1,1,82,20,5218086.50948454
"1071",1071,21,1,1,86,21,5267786.43277808
"1072",1072,22,1,1,90,22,6192580.09204687
"1073",1073,23,1,1,94,23,6484786.39714761
"1074",1074,24,1,1,98,24,6999784.65504867
"1075",1075,25,1,1,102,25,7461490.15088374
"1076",1076,26,1,1,106,26,8064530.05223808
"1077",1077,27,1,1,110,27,6117511.99845078
"1078",1078,28,1,1,114,28,8656871.10603808
"1079",1079,29,1,1,118,29,8276043.70223877
"1080",1080,30,1,1,122,30,8780473.27001629
"1081",1081,31,1,1,126,31,9361736.70277452
"1082",1082,32,1,1,130,32,9345185.42460366
"1083",1083,33,1,1,134,33,9612164.37538042
"1084",1084,34,1,1,138,34,9903591.9861692
"1085",1085,35,1,1,142,35,11490241.8433055
"1086",1086,1,2,1,6,1,0.020714444165282
"1087",1087,2,2,1,10,2,12.2045102924233
"1088",1088,3,2,1,14,3,650.13052593067
"1089",1089,4,2,1,18,4,6867.3537850479
"1090",1090,5,2,1,22,5,187018.778449601
"1091",1091,6,2,1,26,6,65156.7011474034
"1092",1092,7,2,1,30,7,571724.506119175
"1093",1093,8,2,1,34,8,547759.38590665
"1094",1094,9,2,1,38,9,816285.897066634
"1095",1095,10,2,1,42,10,924655.215556127
"1096",1096,11,2,1,46,11,2561569.88262337
"1097",1097,12,2,1,50,12,2233877.51776073
"1098",1098,13,2,1,54,13,3080374.12959651
"1099",1099,14,2,1,58,14,3847456.48047253
"1100",1100,15,2,1,62,15,3559778.6066006
"1101",1101,16,2,1,66,16,3655290.46369845
"1102",1102,17,2,1,70,17,3952501.65778696
"1103",1103,18,2,1,74,18,4335778.38240257
"1104",1104,19,2,1,78,19,4689555.04701595
"1105",1105,20,2,1,82,20,5185695.00230323
"1106",1106,21,2,1,86,21,4541818.23690125
"1107",1107,22,2,1,90,22,6122717.70010438
"1108",1108,23,2,1,94,23,5895566.51984673
"1109",1109,24,2,1,98,24,6947565.54334718
"1110",1110,25,2,1,102,25,7146754.62378053
"1111",1111,26,2,1,106,26,7453296.82556993
"1112",1112,27,2,1,110,27,5995010.58579963
"1113",1113,28,2,1,114,28,8212306.26629443
"1114",1114,29,2,1,118,29,8385687.64555425
"1115",1115,30,2,1,122,30,8653768.53669492
"1116",1116,31,2,1,126,31,9682780.02169958
"1117",1117,32,2,1,130,32,8706116.34834293
"1118",1118,33,2,1,134,33,10119961.8089603
"1119",1119,34,2,1,138,34,9682297.16631587
"1120",1120,35,2,1,142,35,10883717.8891716
"1121",1121,1,1,1,6,1,163.055074987405
"1122",1122,2,1,1,10,2,41379.6928779324
"1123",1123,3,1,1,14,3,117855.249066015
"1124",1124,4,1,1,18,4,228584.290093153
"1125",1125,5,1,1,22,5,516261.640352053
"1126",1126,6,1,1,26,6,613223.908265351
"1127",1127,7,1,1,30,7,790239.662722861
"1128",1128,8,1,1,34,8,1009576.67279449
"1129",1129,9,1,1,38,9,1565273.47368074
"1130",1130,10,1,1,42,10,2227789.25525786
"1131",1131,11,1,1,46,11,1601500.1164682
"1132",1132,12,1,1,50,12,2924639.43816422
"1133",1133,13,1,1,54,13,2209360.17895244
"1134",1134,14,1,1,58,14,3380982.72368147
"1135",1135,15,1,1,62,15,3675624.51303412
"1136",1136,16,1,1,66,16,4069991.79190685
"1137",1137,17,1,1,70,17,4372172.76016791
"1138",1138,18,1,1,74,18,4723963.25034834
"1139",1139,19,1,1,78,19,5392354.2332909
"1140",1140,20,1,1,82,20,3692180.58650688
"1141",1141,21,1,1,86,21,5970882.55295871
"1142",1142,22,1,1,90,22,4745330.74614479
"1143",1143,23,1,1,94,23,5704898.18192865
"1144",1144,24,1,1,98,24,6463324.01379418
"1145",1145,25,1,1,102,25,6911052.51653896
"1146",1146,26,1,1,106,26,7920748.59711356
"1147",1147,27,1,1,110,27,7611391.66884112
"1148",1148,28,1,1,114,28,8773112.50011946
"1149",1149,29,1,1,118,29,8345148.79843687
"1150",1150,30,1,1,122,30,8934204.0070076
"1151",1151,31,1,1,126,31,9844549.36629404
"1152",1152,32,1,1,130,32,10657021.3617253
"1153",1153,33,1,1,134,33,6928866.07162606
"1154",1154,34,1,1,138,34,10749023.8223382
"1155",1155,35,1,1,142,35,10746782.4347238
"1156",1156,1,2,1,6,1,0.017784918981105
"1157",1157,2,2,1,10,2,12.8902586400718
"1158",1158,3,2,1,14,3,140.508924595963
"1159",1159,4,2,1,18,4,23332.1906870056
"1160",1160,5,2,1,22,5,22882.8875415604
"1161",1161,6,2,1,26,6,247562.833384948
"1162",1162,7,2,1,30,7,253258.411147634
"1163",1163,8,2,1,34,8,494157.15052238
"1164",1164,9,2,1,38,9,864502.619657814
"1165",1165,10,2,1,42,10,643394.433280535
"1166",1166,11,2,1,46,11,2045747.98569217
"1167",1167,12,2,1,50,12,1413454.14450786
"1168",1168,13,2,1,54,13,3521814.01862706
"1169",1169,14,2,1,58,14,1494670.12424401
"1170",1170,15,2,1,62,15,3172132.18204951
"1171",1171,16,2,1,66,16,4488532.28162588
"1172",1172,17,2,1,70,17,3924174.09571521
"1173",1173,18,2,1,74,18,5306463.82596252
"1174",1174,19,2,1,78,19,5148030.58455459
"1175",1175,20,2,1,82,20,5790465.63033079
"1176",1176,21,2,1,86,21,5872400.40968838
"1177",1177,22,2,1,90,22,6344823.28271016
"1178",1178,23,2,1,94,23,6827812.23061899
"1179",1179,24,2,1,98,24,6674844.13773744
"1180",1180,25,2,1,102,25,6595287.98661966
"1181",1181,26,2,1,106,26,7496445.05743783
"1182",1182,27,2,1,110,27,8081256.5001157
"1183",1183,28,2,1,114,28,7613591.33863831
"1184",1184,29,2,1,118,29,9761306.9207663
"1185",1185,30,2,1,122,30,8691712.05950705
"1186",1186,31,2,1,126,31,8437262.73624107
"1187",1187,32,2,1,130,32,9259533.94791338
"1188",1188,33,2,1,134,33,10138564.9985582
"1189",1189,34,2,1,138,34,10067348.2093905
"1190",1190,35,2,1,142,35,10023752.5723709
"1191",1191,1,1,1,6,1,180.629143919939
"1192",1192,2,1,1,10,2,33815.4320758388
"1193",1193,3,1,1,14,3,79497.4547493838
"1194",1194,4,1,1,18,4,311319.902967874
"1195",1195,5,1,1,22,5,449475.723765718
"1196",1196,6,1,1,26,6,646791.388872418
"1197",1197,7,1,1,30,7,797201.264825674
"1198",1198,8,1,1,34,8,1058423.49172622
"1199",1199,9,1,1,38,9,1682140.45718301
"1200",1200,10,1,1,42,10,1759105.70686972
"1201",1201,11,1,1,46,11,2784572.81095811
"1202",1202,12,1,1,50,12,2647718.85402565
"1203",1203,13,1,1,54,13,3052847.56554522
"1204",1204,14,1,1,58,14,3493737.21300968
"1205",1205,15,1,1,62,15,3356848.99421448
"1206",1206,16,1,1,66,16,3319418.56071613
"1207",1207,17,1,1,70,17,4264340.83623835
"1208",1208,18,1,1,74,18,4404604.94384438
"1209",1209,19,1,1,78,19,4587084.49242391
"1210",1210,20,1,1,82,20,5956204.13824213
"1211",1211,21,1,1,86,21,5851221.38253308
"1212",1212,22,1,1,90,22,6314987.14954697
"1213",1213,23,1,1,94,23,6571403.34521474
"1214",1214,24,1,1,98,24,7564852.73605033
"1215",1215,25,1,1,102,25,6644460.07054911
"1216",1216,26,1,1,106,26,7329626.00226696
"1217",1217,27,1,1,110,27,7494254.97058546
"1218",1218,28,1,1,114,28,8698817.12278415
"1219",1219,29,1,1,118,29,8412865.67123173
"1220",1220,30,1,1,122,30,8906925.1265101
"1221",1221,31,1,1,126,31,8695382.99275394
"1222",1222,32,1,1,130,32,10265807.6081168
"1223",1223,33,1,1,134,33,10767194.2718207
"1224",1224,34,1,1,138,34,10675463.4191245
"1225",1225,35,1,1,142,35,10136428.2600164
"1226",1226,1,2,1,6,1,2.40383000785636e-07
"1227",1227,2,2,1,10,2,125.539227911001
"1228",1228,3,2,1,14,3,791.092497171519
"1229",1229,4,2,1,18,4,11621.5307242229
"1230",1230,5,2,1,22,5,15454.2575033858
"1231",1231,6,2,1,26,6,203692.211600059
"1232",1232,7,2,1,30,7,253436.818065796
"1233",1233,8,2,1,34,8,349573.432235264
"1234",1234,9,2,1,38,9,1804925.27724459
"1235",1235,10,2,1,42,10,989824.808651903
"1236",1236,11,2,1,46,11,1471704.28254494
"1237",1237,12,2,1,50,12,1197551.86143528
"1238",1238,13,2,1,54,13,1698688.66373907
"1239",1239,14,2,1,58,14,3398545.01345445
"1240",1240,15,2,1,62,15,3774125.12599083
"1241",1241,16,2,1,66,16,3127555.64745633
"1242",1242,17,2,1,70,17,4184328.65194207
"1243",1243,18,2,1,74,18,4874208.02576956
"1244",1244,19,2,1,78,19,5258612.54441253
"1245",1245,20,2,1,82,20,5496151.62742739
"1246",1246,21,2,1,86,21,5463234.05386627
"1247",1247,22,2,1,90,22,5594244.17539161
"1248",1248,23,2,1,94,23,6745296.7298107
"1249",1249,24,2,1,98,24,5935068.55895914
"1250",1250,25,2,1,102,25,7031219.87176338
"1251",1251,26,2,1,106,26,8118029.48013869
"1252",1252,27,2,1,110,27,8476295.30302027
"1253",1253,28,2,1,114,28,7323449.29440667
"1254",1254,29,2,1,118,29,8726446.02763376
"1255",1255,30,2,1,122,30,9455208.64563668
"1256",1256,31,2,1,126,31,9534681.21476283
"1257",1257,32,2,1,130,32,10014151.8632917
"1258",1258,33,2,1,134,33,10155780.5119146
"1259",1259,34,2,1,138,34,10876792.1768971
"1260",1260,35,2,1,142,35,11857704.2663916
"1261",1261,1,1,1,6,1,63.0577136095541
"1262",1262,2,1,1,10,2,38874.3872604977
"1263",1263,3,1,1,14,3,124786.147532071
"1264",1264,4,1,1,18,4,306921.589635256
"1265",1265,5,1,1,22,5,419863.25385353
"1266",1266,6,1,1,26,6,642510.419500907
"1267",1267,7,1,1,30,7,762044.493715319
"1268",1268,8,1,1,34,8,849090.823656901
"1269",1269,9,1,1,38,9,1798984.96585295
"1270",1270,10,1,1,42,10,2416382.14798527
"1271",1271,11,1,1,46,11,1757229.17461699
"1272",1272,12,1,1,50,12,2911677.77012352
"1273",1273,13,1,1,54,13,3310411.69850877
"1274",1274,14,1,1,58,14,3170176.33169848
"1275",1275,15,1,1,62,15,3374033.20482097
"1276",1276,16,1,1,66,16,3441503.26963577
"1277",1277,17,1,1,70,17,4744681.21561529
"1278",1278,18,1,1,74,18,3792932.89787554
"1279",1279,19,1,1,78,19,4772812.98207991
"1280",1280,20,1,1,82,20,3503333.85436231
"1281",1281,21,1,1,86,21,5765441.25079471
"1282",1282,22,1,1,90,22,6690942.26096249
"1283",1283,23,1,1,94,23,6139700.92254092
"1284",1284,24,1,1,98,24,6162626.53098223
"1285",1285,25,1,1,102,25,7749245.46147221
"1286",1286,26,1,1,106,26,7727164.27300687
"1287",1287,27,1,1,110,27,5873484.47646654
"1288",1288,28,1,1,114,28,8740580.43949793
"1289",1289,29,1,1,118,29,8632566.05272502
"1290",1290,30,1,1,122,30,8898346.01980103
"1291",1291,31,1,1,126,31,9433682.28192724
"1292",1292,32,1,1,130,32,9101145.32483231
"1293",1293,33,1,1,134,33,10840004.1693027
"1294",1294,34,1,1,138,34,10219353.2322285
"1295",1295,35,1,1,142,35,11590574.0159575
"1296",1296,1,2,1,6,1,0.0111269114857619
"1297",1297,2,2,1,10,2,8.93967940271441
"1298",1298,3,2,1,14,3,650.018309112233
"1299",1299,4,2,1,18,4,2217.23131697714
"1300",1300,5,2,1,22,5,6843.99589132574
"1301",1301,6,2,1,26,6,122342.090168631
"1302",1302,7,2,1,30,7,151699.899631125
"1303",1303,8,2,1,34,8,524764.309219001
"1304",1304,9,2,1,38,9,767047.838751136
"1305",1305,10,2,1,42,10,563165.195915274
"1306",1306,11,2,1,46,11,1054206.70753959
"1307",1307,12,2,1,50,12,1289223.38867764
"1308",1308,13,2,1,54,13,1521474.13007536
"1309",1309,14,2,1,58,14,2861836.77993932
"1310",1310,15,2,1,62,15,3431664.67033488
"1311",1311,16,2,1,66,16,2658368.37497983
"1312",1312,17,2,1,70,17,4123012.56764095
"1313",1313,18,2,1,74,18,4866334.49243398
"1314",1314,19,2,1,78,19,5814357.90416403
"1315",1315,20,2,1,82,20,5523030.1526167
"1316",1316,21,2,1,86,21,5985501.21655511
"1317",1317,22,2,1,90,22,6867160.17463112
"1318",1318,23,2,1,94,23,5938579.7259116
"1319",1319,24,2,1,98,24,5921775.33336574
"1320",1320,25,2,1,102,25,6986710.6750235
"1321",1321,26,2,1,106,26,6805966.57994255
"1322",1322,27,2,1,110,27,7715519.65694152
"1323",1323,28,2,1,114,28,7594716.25063571
"1324",1324,29,2,1,118,29,7921408.88076743
"1325",1325,30,2,1,122,30,9549874.62958556
"1326",1326,31,2,1,126,31,8083395.94811453
"1327",1327,32,2,1,130,32,9924074.760943
"1328",1328,33,2,1,134,33,8838592.63098141
"1329",1329,34,2,1,138,34,10132120.4339896
"1330",1330,35,2,1,142,35,10669469.9082558
"1331",1331,1,1,1,6,1,247.948280264982
"1332",1332,2,1,1,10,2,18168.6855050255
"1333",1333,3,1,1,14,3,120965.032972657
"1334",1334,4,1,1,18,4,336892.717022652
"1335",1335,5,1,1,22,5,502267.534848382
"1336",1336,6,1,1,26,6,662057.991107214
"1337",1337,7,1,1,30,7,690660.716696549
"1338",1338,8,1,1,34,8,1036217.55731194
"1339",1339,9,1,1,38,9,1721756.90437637
"1340",1340,10,1,1,42,10,1977194.0524451
"1341",1341,11,1,1,46,11,1909134.87646168
"1342",1342,12,1,1,50,12,2078030.21284366
"1343",1343,13,1,1,54,13,3439023.16906866
"1344",1344,14,1,1,58,14,2341238.48239674
"1345",1345,15,1,1,62,15,2737515.54260235
"1346",1346,16,1,1,66,16,3689216.50280652
"1347",1347,17,1,1,70,17,3733668.43081156
"1348",1348,18,1,1,74,18,4624207.94433886
"1349",1349,19,1,1,78,19,5267844.9984281
"1350",1350,20,1,1,82,20,5157062.27266168
"1351",1351,21,1,1,86,21,4686399.04628351
"1352",1352,22,1,1,90,22,6304541.76406317
"1353",1353,23,1,1,94,23,6300386.87862609
"1354",1354,24,1,1,98,24,6222303.43047247
"1355",1355,25,1,1,102,25,6937316.02742056
"1356",1356,26,1,1,106,26,8242828.79125885
"1357",1357,27,1,1,110,27,7810083.0370967
"1358",1358,28,1,1,114,28,8231054.8253827
"1359",1359,29,1,1,118,29,8854764.05488741
"1360",1360,30,1,1,122,30,8121379.67379747
"1361",1361,31,1,1,126,31,10194915.0647358
"1362",1362,32,1,1,130,32,9459655.69065818
"1363",1363,33,1,1,134,33,10145539.9906211
"1364",1364,34,1,1,138,34,10527715.4655889
"1365",1365,35,1,1,142,35,9937572.98666998
"1366",1366,1,2,1,6,1,2.92473679353433e-06
"1367",1367,2,2,1,10,2,246.237239709912
"1368",1368,3,2,1,14,3,577.356307848753
"1369",1369,4,2,1,18,4,2903.95938435595
"1370",1370,5,2,1,22,5,123258.63932054
"1371",1371,6,2,1,26,6,102979.487385187
"1372",1372,7,2,1,30,7,282613.442931141
"1373",1373,8,2,1,34,8,407602.820004759
"1374",1374,9,2,1,38,9,794634.127870287
"1375",1375,10,2,1,42,10,1085939.39323012
"1376",1376,11,2,1,46,11,843012.817302744
"1377",1377,12,2,1,50,12,1562209.21953454
"1378",1378,13,2,1,54,13,2837106.77071031
"1379",1379,14,2,1,58,14,3565727.80719326
"1380",1380,15,2,1,62,15,2998017.71209828
"1381",1381,16,2,1,66,16,4440737.79977379
"1382",1382,17,2,1,70,17,4105963.11066412
"1383",1383,18,2,1,74,18,4766007.4609831
"1384",1384,19,2,1,78,19,5102974.92398638
"1385",1385,20,2,1,82,20,3807294.00178885
"1386",1386,21,2,1,86,21,6354132.85582342
"1387",1387,22,2,1,90,22,6773373.82093921
"1388",1388,23,2,1,94,23,4871314.90984984
"1389",1389,24,2,1,98,24,7627673.57516162
"1390",1390,25,2,1,102,25,5995356.67662285
"1391",1391,26,2,1,106,26,6451955.34018398
"1392",1392,27,2,1,110,27,7783673.10004851
"1393",1393,28,2,1,114,28,8312591.6686556
"1394",1394,29,2,1,118,29,9215680.59752665
"1395",1395,30,2,1,122,30,9312204.91627158
"1396",1396,31,2,1,126,31,9753053.63343662
"1397",1397,32,2,1,130,32,8834751.41353386
"1398",1398,33,2,1,134,33,9933178.31744676
"1399",1399,34,2,1,138,34,10109941.0849723
"1400",1400,35,2,1,142,35,10594142.414779
"1401",1401,1,1,1,6,1,565.05856938155
"1402",1402,2,1,1,10,2,25179.7633468195
"1403",1403,3,1,1,14,3,115075.123556234
"1404",1404,4,1,1,18,4,313305.48390407
"1405",1405,5,1,1,22,5,566740.113557234
"1406",1406,6,1,1,26,6,715314.972589771
"1407",1407,7,1,1,30,7,989453.79605604
"1408",1408,8,1,1,34,8,1231248.587147
"1409",1409,9,1,1,38,9,1394650.76198023
"1410",1410,10,1,1,42,10,2054754.77372998
"1411",1411,11,1,1,46,11,2440843.68875641
"1412",1412,12,1,1,50,12,2875498.31437657
"1413",1413,13,1,1,54,13,3435431.15843516
"1414",1414,14,1,1,58,14,3595372.48175077
"1415",1415,15,1,1,62,15,4048373.66577816
"1416",1416,16,1,1,66,16,3888664.03984447
"1417",1417,17,1,1,70,17,4029046.64316553
"1418",1418,18,1,1,74,18,4267564.30264039
"1419",1419,19,1,1,78,19,4700552.08666657
"1420",1420,20,1,1,82,20,4971153.59369018
"1421",1421,21,1,1,86,21,5689009.56464435
"1422",1422,22,1,1,90,22,6058144.21139213
"1423",1423,23,1,1,94,23,7252033.08421246
"1424",1424,24,1,1,98,24,6514770.94219808
"1425",1425,25,1,1,102,25,6852010.03698573
"1426",1426,26,1,1,106,26,6692269.77799859
"1427",1427,27,1,1,110,27,7737845.09888999
"1428",1428,28,1,1,114,28,8231270.75707045
"1429",1429,29,1,1,118,29,7995539.87677945
"1430",1430,30,1,1,122,30,8978464.86720728
"1431",1431,31,1,1,126,31,9724095.95847506
"1432",1432,32,1,1,130,32,9836370.55518086
"1433",1433,33,1,1,134,33,9416806.15588281
"1434",1434,34,1,1,138,34,10014802.7461898
"1435",1435,35,1,1,142,35,11512753.388968
"1436",1436,1,2,1,6,1,0.00449949893247492
"1437",1437,2,2,1,10,2,15.6363459274722
"1438",1438,3,2,1,14,3,31.5205434515789
"1439",1439,4,2,1,18,4,1005.16568346811
"1440",1440,5,2,1,22,5,38335.3881486563
"1441",1441,6,2,1,26,6,125220.501289056
"1442",1442,7,2,1,30,7,386893.113495413
"1443",1443,8,2,1,34,8,438510.082461993
"1444",1444,9,2,1,38,9,764532.158173155
"1445",1445,10,2,1,42,10,873153.070143325
"1446",1446,11,2,1,46,11,1297023.48117578
"1447",1447,12,2,1,50,12,1653474.56565985
"1448",1448,13,2,1,54,13,2701537.9939176
"1449",1449,14,2,1,58,14,3203945.19306798
"1450",1450,15,2,1,62,15,3641634.37415909
"1451",1451,16,2,1,66,16,3438384.52159384
"1452",1452,17,2,1,70,17,2899864.387663
"1453",1453,18,2,1,74,18,4921606.36678987
"1454",1454,19,2,1,78,19,5500057.08334616
"1455",1455,20,2,1,82,20,5156733.22913818
"1456",1456,21,2,1,86,21,4737818.37220813
"1457",1457,22,2,1,90,22,5494655.41660507
"1458",1458,23,2,1,94,23,6015248.77105564
"1459",1459,24,2,1,98,24,6856184.93009742
"1460",1460,25,2,1,102,25,6913836.25885176
"1461",1461,26,2,1,106,26,7460666.83984543
"1462",1462,27,2,1,110,27,8127065.20162194
"1463",1463,28,2,1,114,28,7566844.00512318
"1464",1464,29,2,1,118,29,7861777.82380433
"1465",1465,30,2,1,122,30,8682036.13826224
"1466",1466,31,2,1,126,31,8645625.19515072
"1467",1467,32,2,1,130,32,10008290.0859425
"1468",1468,33,2,1,134,33,9947531.70838629
"1469",1469,34,2,1,138,34,10495402.0452008
"1470",1470,35,2,1,142,35,10321681.2883056
"1471",1471,1,1,1,6,1,246.269027992827
"1472",1472,2,1,1,10,2,13199.2626808271
"1473",1473,3,1,1,14,3,157085.866492743
"1474",1474,4,1,1,18,4,268637.298585919
"1475",1475,5,1,1,22,5,445947.622259422
"1476",1476,6,1,1,26,6,619008.655603382
"1477",1477,7,1,1,30,7,780342.552356524
"1478",1478,8,1,1,34,8,1423435.55368581
"1479",1479,9,1,1,38,9,1663663.65880291
"1480",1480,10,1,1,42,10,2066726.38664004
"1481",1481,11,1,1,46,11,1903610.94293928
"1482",1482,12,1,1,50,12,3185451.10642173
"1483",1483,13,1,1,54,13,2409992.74913317
"1484",1484,14,1,1,58,14,2592062.32550596
"1485",1485,15,1,1,62,15,3762124.2298088
"1486",1486,16,1,1,66,16,3536559.55163246
"1487",1487,17,1,1,70,17,4826403.3422883
"1488",1488,18,1,1,74,18,4579471.01336536
"1489",1489,19,1,1,78,19,3876279.80232249
"1490",1490,20,1,1,82,20,5025659.38651918
"1491",1491,21,1,1,86,21,4961358.73846725
"1492",1492,22,1,1,90,22,5277544.08436201
"1493",1493,23,1,1,94,23,6347009.52588313
"1494",1494,24,1,1,98,24,7152776.7660328
"1495",1495,25,1,1,102,25,7183288.28840908
"1496",1496,26,1,1,106,26,6852567.98346588
"1497",1497,27,1,1,110,27,8198909.06387108
"1498",1498,28,1,1,114,28,6413231.51573771
"1499",1499,29,1,1,118,29,8958884.49606863
"1500",1500,30,1,1,122,30,10054729.2937529
"1501",1501,31,1,1,126,31,9232798.34028622
"1502",1502,32,1,1,130,32,10440176.0187102
"1503",1503,33,1,1,134,33,10107165.9116955
"1504",1504,34,1,1,138,34,10652650.5823956
"1505",1505,35,1,1,142,35,10638888.4042678
"1506",1506,1,2,1,6,1,0.0649839089496843
"1507",1507,2,2,1,10,2,158.967233580265
"1508",1508,3,2,1,14,3,90.0846963052832
"1509",1509,4,2,1,18,4,2887.75661835977
"1510",1510,5,2,1,22,5,88671.3340891207
"1511",1511,6,2,1,26,6,457961.095189051
"1512",1512,7,2,1,30,7,343919.755799852
"1513",1513,8,2,1,34,8,449896.264111331
"1514",1514,9,2,1,38,9,1122411.72748027
"1515",1515,10,2,1,42,10,1197113.63430135
"1516",1516,11,2,1,46,11,1208512.68542966
"1517",1517,12,2,1,50,12,2863215.33876227
"1518",1518,13,2,1,54,13,2787465.22333449
"1519",1519,14,2,1,58,14,2187014.7311754
"1520",1520,15,2,1,62,15,3578065.76699725
"1521",1521,16,2,1,66,16,3606480.24638388
"1522",1522,17,2,1,70,17,4350869.78317035
"1523",1523,18,2,1,74,18,3988788.2653558
"1524",1524,19,2,1,78,19,4603724.37000179
"1525",1525,20,2,1,82,20,5345027.57579863
"1526",1526,21,2,1,86,21,4813649.7085937
"1527",1527,22,2,1,90,22,5931734.93045963
"1528",1528,23,2,1,94,23,6871419.44008594
"1529",1529,24,2,1,98,24,6782507.48678309
"1530",1530,25,2,1,102,25,7896806.33652932
"1531",1531,26,2,1,106,26,6716539.90564318
"1532",1532,27,2,1,110,27,7349783.87151384
"1533",1533,28,2,1,114,28,8373860.99210192
"1534",1534,29,2,1,118,29,7692535.45829831
"1535",1535,30,2,1,122,30,8316224.84273075
"1536",1536,31,2,1,126,31,9901506.04042323
"1537",1537,32,2,1,130,32,8571491.0163642
"1538",1538,33,2,1,134,33,9623933.37709915
"1539",1539,34,2,1,138,34,8388386.08882458
"1540",1540,35,2,1,142,35,11037819.8517037
"1541",1541,1,1,1,6,1,282.132786103494
"1542",1542,2,1,1,10,2,18058.0730294188
"1543",1543,3,1,1,14,3,159394.169848104
"1544",1544,4,1,1,18,4,338761.181215224
"1545",1545,5,1,1,22,5,217866.182144627
"1546",1546,6,1,1,26,6,652978.134575289
"1547",1547,7,1,1,30,7,870432.540240256
"1548",1548,8,1,1,34,8,1281936.52707483
"1549",1549,9,1,1,38,9,1622866.05561723
"1550",1550,10,1,1,42,10,1623031.22106028
"1551",1551,11,1,1,46,11,2086689.67768048
"1552",1552,12,1,1,50,12,2593278.0528359
"1553",1553,13,1,1,54,13,3043380.47375516
"1554",1554,14,1,1,58,14,2676138.27572162
"1555",1555,15,1,1,62,15,3183634.0235971
"1556",1556,16,1,1,66,16,4518804.73603381
"1557",1557,17,1,1,70,17,3695694.22213005
"1558",1558,18,1,1,74,18,4509758.28440188
"1559",1559,19,1,1,78,19,4449194.53086019
"1560",1560,20,1,1,82,20,4450026.36179145
"1561",1561,21,1,1,86,21,6059574.55495154
"1562",1562,22,1,1,90,22,5089372.16439676
"1563",1563,23,1,1,94,23,6209672.32795598
"1564",1564,24,1,1,98,24,6330342.49033136
"1565",1565,25,1,1,102,25,7184230.00018165
"1566",1566,26,1,1,106,26,7862962.27129154
"1567",1567,27,1,1,110,27,7989470.003731
"1568",1568,28,1,1,114,28,7954794.57028054
"1569",1569,29,1,1,118,29,9061134.40097813
"1570",1570,30,1,1,122,30,8912055.97448556
"1571",1571,31,1,1,126,31,9644965.29916681
"1572",1572,32,1,1,130,32,9622835.22387932
"1573",1573,33,1,1,134,33,9140981.6779889
"1574",1574,34,1,1,138,34,10152052.1237296
"1575",1575,35,1,1,142,35,10903424.8565908
"1576",1576,1,2,1,6,1,3.97394132319111
"1577",1577,2,2,1,10,2,6.35019125228167
"1578",1578,3,2,1,14,3,1072.85857313097
"1579",1579,4,2,1,18,4,18660.0468163092
"1580",1580,5,2,1,22,5,69350.6435373748
"1581",1581,6,2,1,26,6,296297.85680459
"1582",1582,7,2,1,30,7,127637.482876474
"1583",1583,8,2,1,34,8,617579.024969432
"1584",1584,9,2,1,38,9,651118.831150043
"1585",1585,10,2,1,42,10,693920.835238699
"1586",1586,11,2,1,46,11,1003860.35285445
"1587",1587,12,2,1,50,12,2042619.47062098
"1588",1588,13,2,1,54,13,1595942.61740437
"1589",1589,14,2,1,58,14,2862342.42851583
"1590",1590,15,2,1,62,15,2343031.68282993
"1591",1591,16,2,1,66,16,3885300.35909769
"1592",1592,17,2,1,70,17,3700963.2927872
"1593",1593,18,2,1,74,18,3559171.40746646
"1594",1594,19,2,1,78,19,5524749.82320363
"1595",1595,20,2,1,82,20,4803940.17790402
"1596",1596,21,2,1,86,21,5195367.88530682
"1597",1597,22,2,1,90,22,6278858.3926184
"1598",1598,23,2,1,94,23,6528478.22789679
"1599",1599,24,2,1,98,24,6452708.33403626
"1600",1600,25,2,1,102,25,7356454.79237344
"1601",1601,26,2,1,106,26,8200957.71322341
"1602",1602,27,2,1,110,27,7439745.23091373
"1603",1603,28,2,1,114,28,7530061.05529953
"1604",1604,29,2,1,118,29,8654489.39983785
"1605",1605,30,2,1,122,30,9388983.90585427
"1606",1606,31,2,1,126,31,9540654.64999432
"1607",1607,32,2,1,130,32,9092089.23994889
"1608",1608,33,2,1,134,33,10221182.3275898
"1609",1609,34,2,1,138,34,10938112.3132859
"1610",1610,35,2,1,142,35,10831603.4100232
"1611",1611,1,1,1,6,1,27.3237351425413
"1612",1612,2,1,1,10,2,24881.0411023649
"1613",1613,3,1,1,14,3,81230.4479948848
"1614",1614,4,1,1,18,4,194662.50769948
"1615",1615,5,1,1,22,5,378999.990708451
"1616",1616,6,1,1,26,6,593807.221645679
"1617",1617,7,1,1,30,7,902894.350594264
"1618",1618,8,1,1,34,8,1130236.5252436
"1619",1619,9,1,1,38,9,1729818.11621679
"1620",1620,10,1,1,42,10,2322188.98334877
"1621",1621,11,1,1,46,11,2641842.80182697
"1622",1622,12,1,1,50,12,2705801.07829229
"1623",1623,13,1,1,54,13,1461926.63542428
"1624",1624,14,1,1,58,14,3106459.56353469
"1625",1625,15,1,1,62,15,3033964.4067545
"1626",1626,16,1,1,66,16,4007506.02532889
"1627",1627,17,1,1,70,17,3680534.27110597
"1628",1628,18,1,1,74,18,4389626.3900956
"1629",1629,19,1,1,78,19,4675811.60225839
"1630",1630,20,1,1,82,20,4282332.39709571
"1631",1631,21,1,1,86,21,4936569.32963186
"1632",1632,22,1,1,90,22,6384006.91342568
"1633",1633,23,1,1,94,23,6781457.91257318
"1634",1634,24,1,1,98,24,6228752.35996549
"1635",1635,25,1,1,102,25,7193368.12752784
"1636",1636,26,1,1,106,26,7753407.41791614
"1637",1637,27,1,1,110,27,7218096.62472164
"1638",1638,28,1,1,114,28,6161696.8552422
"1639",1639,29,1,1,118,29,9051424.89778389
"1640",1640,30,1,1,122,30,8373510.44376989
"1641",1641,31,1,1,126,31,10220282.3070845
"1642",1642,32,1,1,130,32,9343988.1930802
"1643",1643,33,1,1,134,33,9486873.59701849
"1644",1644,34,1,1,138,34,10807106.1388701
"1645",1645,35,1,1,142,35,10847110.7053824
"1646",1646,1,2,1,6,1,0.0987270309843899
"1647",1647,2,2,1,10,2,112.171233699019
"1648",1648,3,2,1,14,3,887.307235182919
"1649",1649,4,2,1,18,4,2655.94145326413
"1650",1650,5,2,1,22,5,240591.694326655
"1651",1651,6,2,1,26,6,114419.931791881
"1652",1652,7,2,1,30,7,483694.141941389
"1653",1653,8,2,1,34,8,595752.687721784
"1654",1654,9,2,1,38,9,839078.497579255
"1655",1655,10,2,1,42,10,643622.642345988
"1656",1656,11,2,1,46,11,865062.146765902
"1657",1657,12,2,1,50,12,2497049.79818067
"1658",1658,13,2,1,54,13,1784770.89379378
"1659",1659,14,2,1,58,14,3112380.36493403
"1660",1660,15,2,1,62,15,3513236.58870315
"1661",1661,16,2,1,66,16,4340282.33379954
"1662",1662,17,2,1,70,17,4987682.63328942
"1663",1663,18,2,1,74,18,3846032.47014738
"1664",1664,19,2,1,78,19,4196305.24145304
"1665",1665,20,2,1,82,20,6116429.21713913
"1666",1666,21,2,1,86,21,5301972.40966017
"1667",1667,22,2,1,90,22,4293337.96636344
"1668",1668,23,2,1,94,23,5599935.58302686
"1669",1669,24,2,1,98,24,6416618.16218574
"1670",1670,25,2,1,102,25,6631028.2848674
"1671",1671,26,2,1,106,26,7512417.52704742
"1672",1672,27,2,1,110,27,7618917.68599351
"1673",1673,28,2,1,114,28,7598708.37957638
"1674",1674,29,2,1,118,29,9589916.79877108
"1675",1675,30,2,1,122,30,8849837.74066908
"1676",1676,31,2,1,126,31,9864902.40738068
"1677",1677,32,2,1,130,32,10067175.5107712
"1678",1678,33,2,1,134,33,10824070.1907781
"1679",1679,34,2,1,138,34,8713491.44958253
"1680",1680,35,2,1,142,35,11541702.4180879
"1681",1681,1,1,1,6,1,523.246086946747
"1682",1682,2,1,1,10,2,18450.3220723292
"1683",1683,3,1,1,14,3,138480.514543619
"1684",1684,4,1,1,18,4,217848.979132398
"1685",1685,5,1,1,22,5,452858.553099714
"1686",1686,6,1,1,26,6,694496.53636446
"1687",1687,7,1,1,30,7,965731.659238242
"1688",1688,8,1,1,34,8,916886.642013443
"1689",1689,9,1,1,38,9,1532737.34326864
"1690",1690,10,1,1,42,10,2249435.20114341
"1691",1691,11,1,1,46,11,2621232.3412189
"1692",1692,12,1,1,50,12,2830613.73242851
"1693",1693,13,1,1,54,13,2695027.48416053
"1694",1694,14,1,1,58,14,2988059.85291679
"1695",1695,15,1,1,62,15,3762460.55863602
"1696",1696,16,1,1,66,16,3293734.64253217
"1697",1697,17,1,1,70,17,4557639.95493338
"1698",1698,18,1,1,74,18,4904460.37306016
"1699",1699,19,1,1,78,19,3771117.80384744
"1700",1700,20,1,1,82,20,5363644.19023405
"1701",1701,21,1,1,86,21,6537129.52240566
"1702",1702,22,1,1,90,22,5546438.15571193
"1703",1703,23,1,1,94,23,5737851.83541317
"1704",1704,24,1,1,98,24,6880526.61611731
"1705",1705,25,1,1,102,25,7072955.11801181
"1706",1706,26,1,1,106,26,7391542.55691702
"1707",1707,27,1,1,110,27,7836785.77328338
"1708",1708,28,1,1,114,28,8791570.97835827
"1709",1709,29,1,1,118,29,6322853.00398952
"1710",1710,30,1,1,122,30,9608422.9014555
"1711",1711,31,1,1,126,31,8905293.70073134
"1712",1712,32,1,1,130,32,10240826.369163
"1713",1713,33,1,1,134,33,9510228.44672437
"1714",1714,34,1,1,138,34,10145613.2980659
"1715",1715,35,1,1,142,35,9943156.86711271
"1716",1716,1,2,1,6,1,0.00482516087942999
"1717",1717,2,2,1,10,2,8.00759785797247
"1718",1718,3,2,1,14,3,730.629334219123
"1719",1719,4,2,1,18,4,19931.4679229125
"1720",1720,5,2,1,22,5,20380.2304171051
"1721",1721,6,2,1,26,6,77958.3489551209
"1722",1722,7,2,1,30,7,384410.198664222
"1723",1723,8,2,1,34,8,782965.909380202
"1724",1724,9,2,1,38,9,746435.049885743
"1725",1725,10,2,1,42,10,484773.124146728
"1726",1726,11,2,1,46,11,1263960.91057171
"1727",1727,12,2,1,50,12,1309374.86895096
"1728",1728,13,2,1,54,13,1497821.91330269
"1729",1729,14,2,1,58,14,3764493.77479113
"1730",1730,15,2,1,62,15,3888775.64489841
"1731",1731,16,2,1,66,16,4865822.36256362
"1732",1732,17,2,1,70,17,4086941.84211377
"1733",1733,18,2,1,74,18,4229798.37843969
"1734",1734,19,2,1,78,19,5240597.60260195
"1735",1735,20,2,1,82,20,5901975.94870452
"1736",1736,21,2,1,86,21,5082375.03531284
"1737",1737,22,2,1,90,22,5367483.15266661
"1738",1738,23,2,1,94,23,6407205.01011269
"1739",1739,24,2,1,98,24,7038300.00575715
"1740",1740,25,2,1,102,25,7490053.42206262
"1741",1741,26,2,1,106,26,5718695.39631528
"1742",1742,27,2,1,110,27,7906679.48090025
"1743",1743,28,2,1,114,28,7077728.56407632
"1744",1744,29,2,1,118,29,7135556.87437248
"1745",1745,30,2,1,122,30,8157589.91850471
"1746",1746,31,2,1,126,31,8435273.59846407
"1747",1747,32,2,1,130,32,10256684.4133958
"1748",1748,33,2,1,134,33,10548143.0123946
"1749",1749,34,2,1,138,34,11118543.9282918
"1750",1750,35,2,1,142,35,11151579.3942739
"1751",1751,1,1,1,6,1,348.825379900453
"1752",1752,2,1,1,10,2,36825.4808067582
"1753",1753,3,1,1,14,3,75994.3389980562
"1754",1754,4,1,1,18,4,227598.722233449
"1755",1755,5,1,1,22,5,413155.168098408
"1756",1756,6,1,1,26,6,655687.300349368
"1757",1757,7,1,1,30,7,980288.234426192
"1758",1758,8,1,1,34,8,1257485.77552439
"1759",1759,9,1,1,38,9,1641211.95304154
"1760",1760,10,1,1,42,10,2064627.84764212
"1761",1761,11,1,1,46,11,2266275.04194246
"1762",1762,12,1,1,50,12,2677613.32081812
"1763",1763,13,1,1,54,13,2309250.78108088
"1764",1764,14,1,1,58,14,3590357.5302075
"1765",1765,15,1,1,62,15,3853850.62133801
"1766",1766,16,1,1,66,16,4553125.65358026
"1767",1767,17,1,1,70,17,3996540.41093941
"1768",1768,18,1,1,74,18,4443084.37404495
"1769",1769,19,1,1,78,19,4361594.51564055
"1770",1770,20,1,1,82,20,5179954.21801072
"1771",1771,21,1,1,86,21,5560208.86312433
"1772",1772,22,1,1,90,22,5226891.71541189
"1773",1773,23,1,1,94,23,5817108.98739547
"1774",1774,24,1,1,98,24,6732194.54137088
"1775",1775,25,1,1,102,25,7029363.04242502
"1776",1776,26,1,1,106,26,7923610.49999441
"1777",1777,27,1,1,110,27,7778553.3168914
"1778",1778,28,1,1,114,28,8903008.96553865
"1779",1779,29,1,1,118,29,8138915.9326156
"1780",1780,30,1,1,122,30,7992923.94961601
"1781",1781,31,1,1,126,31,9853179.19259865
"1782",1782,32,1,1,130,32,10095481.3304613
"1783",1783,33,1,1,134,33,11116333.5106449
"1784",1784,34,1,1,138,34,10394866.5736468
"1785",1785,35,1,1,142,35,10076536.0443844
"1786",1786,1,2,1,6,1,0.0694267343311874
"1787",1787,2,2,1,10,2,0.694555735870595
"1788",1788,3,2,1,14,3,181.007969041302
"1789",1789,4,2,1,18,4,10634.0623373617
"1790",1790,5,2,1,22,5,49677.6059027585
"1791",1791,6,2,1,26,6,104876.998811417
"1792",1792,7,2,1,30,7,291860.740136226
"1793",1793,8,2,1,34,8,619133.896919824
"1794",1794,9,2,1,38,9,467199.458458104
"1795",1795,10,2,1,42,10,1032276.87481705
"1796",1796,11,2,1,46,11,2190355.44536426
"1797",1797,12,2,1,50,12,1311438.46734294
"1798",1798,13,2,1,54,13,1698043.68420928
"1799",1799,14,2,1,58,14,2770322.17950082
"1800",1800,15,2,1,62,15,4240919.12083478
"1801",1801,16,2,1,66,16,4142397.50180336
"1802",1802,17,2,1,70,17,4156062.18904868
"1803",1803,18,2,1,74,18,4364602.24222836
"1804",1804,19,2,1,78,19,4723604.48976272
"1805",1805,20,2,1,82,20,5011389.6830649
"1806",1806,21,2,1,86,21,6300498.87617338
"1807",1807,22,2,1,90,22,5130358.15190704
"1808",1808,23,2,1,94,23,6473459.31621465
"1809",1809,24,2,1,98,24,6507648.59157416
"1810",1810,25,2,1,102,25,8194166.4144761
"1811",1811,26,2,1,106,26,7662579.03138694
"1812",1812,27,2,1,110,27,8024529.51545691
"1813",1813,28,2,1,114,28,8246866.8153983
"1814",1814,29,2,1,118,29,7669745.14178495
"1815",1815,30,2,1,122,30,8790669.14190705
"1816",1816,31,2,1,126,31,9523011.54478328
"1817",1817,32,2,1,130,32,9717865.43243122
"1818",1818,33,2,1,134,33,10096310.4470542
"1819",1819,34,2,1,138,34,9532107.28174512
"1820",1820,35,2,1,142,35,11224522.8947432
"1821",1821,1,1,1,6,1,258.350527201233
"1822",1822,2,1,1,10,2,16355.7851061862
"1823",1823,3,1,1,14,3,140361.176718501
"1824",1824,4,1,1,18,4,250208.888931019
"1825",1825,5,1,1,22,5,428082.555120269
"1826",1826,6,1,1,26,6,722694.68516867
"1827",1827,7,1,1,30,7,924905.714060424
"1828",1828,8,1,1,34,8,957564.74763529
"1829",1829,9,1,1,38,9,1632695.58312516
"1830",1830,10,1,1,42,10,2272955.41570563
"1831",1831,11,1,1,46,11,2537338.61487462
"1832",1832,12,1,1,50,12,2457601.37554003
"1833",1833,13,1,1,54,13,2948074.03466167
"1834",1834,14,1,1,58,14,2997825.64951666
"1835",1835,15,1,1,62,15,4055765.32726919
"1836",1836,16,1,1,66,16,4205427.87847177
"1837",1837,17,1,1,70,17,4344941.82397564
"1838",1838,18,1,1,74,18,4771067.58773017
"1839",1839,19,1,1,78,19,4561524.85460818
"1840",1840,20,1,1,82,20,5672347.95681029
"1841",1841,21,1,1,86,21,6660316.01741315
"1842",1842,22,1,1,90,22,5926471.78640447
"1843",1843,23,1,1,94,23,6743822.59023871
"1844",1844,24,1,1,98,24,6674684.53573742
"1845",1845,25,1,1,102,25,6936078.80558201
"1846",1846,26,1,1,106,26,6887402.05424515
"1847",1847,27,1,1,110,27,8394067.729238
"1848",1848,28,1,1,114,28,8404247.58613581
"1849",1849,29,1,1,118,29,8450590.4276266
"1850",1850,30,1,1,122,30,8589072.09471128
"1851",1851,31,1,1,126,31,8899354.66817227
"1852",1852,32,1,1,130,32,10574371.4834485
"1853",1853,33,1,1,134,33,10329889.1191399
"1854",1854,34,1,1,138,34,10950425.0875991
"1855",1855,35,1,1,142,35,11268433.6270727
"1856",1856,1,2,1,6,1,0.00619655656071745
"1857",1857,2,2,1,10,2,9.66504761187854
"1858",1858,3,2,1,14,3,5964.90650879979
"1859",1859,4,2,1,18,4,22109.6748483196
"1860",1860,5,2,1,22,5,59074.8477859467
"1861",1861,6,2,1,26,6,227665.73573975
"1862",1862,7,2,1,30,7,352286.479452327
"1863",1863,8,2,1,34,8,311430.811591265
"1864",1864,9,2,1,38,9,973667.426597761
"1865",1865,10,2,1,42,10,1332570.87860047
"1866",1866,11,2,1,46,11,1230101.65854847
"1867",1867,12,2,1,50,12,2686861.4151858
"1868",1868,13,2,1,54,13,2029562.59571462
"1869",1869,14,2,1,58,14,2203203.96166601
"1870",1870,15,2,1,62,15,2931116.15904781
"1871",1871,16,2,1,66,16,4832239.67557737
"1872",1872,17,2,1,70,17,4474721.39820467
"1873",1873,18,2,1,74,18,4701876.41999036
"1874",1874,19,2,1,78,19,5226671.39300532
"1875",1875,20,2,1,82,20,5025468.15285521
"1876",1876,21,2,1,86,21,5909124.0085893
"1877",1877,22,2,1,90,22,4911722.78598625
"1878",1878,23,2,1,94,23,6123322.34625255
"1879",1879,24,2,1,98,24,6475915.87501257
"1880",1880,25,2,1,102,25,7901029.86761213
"1881",1881,26,2,1,106,26,6654089.20934548
"1882",1882,27,2,1,110,27,7714434.26418471
"1883",1883,28,2,1,114,28,8213656.16394147
"1884",1884,29,2,1,118,29,8703966.59977677
"1885",1885,30,2,1,122,30,8504795.41507661
"1886",1886,31,2,1,126,31,10091204.1747688
"1887",1887,32,2,1,130,32,9911160.02082549
"1888",1888,33,2,1,134,33,8161582.76303166
"1889",1889,34,2,1,138,34,11043091.0301206
"1890",1890,35,2,1,142,35,10976613.329374
"1891",1891,1,1,1,6,1,800.659639412098
"1892",1892,2,1,1,10,2,38128.3038874023
"1893",1893,3,1,1,14,3,183731.256463825
"1894",1894,4,1,1,18,4,242538.576906009
"1895",1895,5,1,1,22,5,476476.479981219
"1896",1896,6,1,1,26,6,380342.308590341
"1897",1897,7,1,1,30,7,925684.252224927
"1898",1898,8,1,1,34,8,1265154.27334754
"1899",1899,9,1,1,38,9,1245175.6405518
"1900",1900,10,1,1,42,10,1944579.45657005
"1901",1901,11,1,1,46,11,2294650.4684377
"1902",1902,12,1,1,50,12,2642225.74159182
"1903",1903,13,1,1,54,13,3425110.1331825
"1904",1904,14,1,1,58,14,3029102.2296018
"1905",1905,15,1,1,62,15,3253120.83929903
"1906",1906,16,1,1,66,16,2791868.7771289
"1907",1907,17,1,1,70,17,4196571.19421264
"1908",1908,18,1,1,74,18,4747175.75580344
"1909",1909,19,1,1,78,19,4909117.33138825
"1910",1910,20,1,1,82,20,5154049.89120914
"1911",1911,21,1,1,86,21,5784693.18156948
"1912",1912,22,1,1,90,22,6312852.56774731
"1913",1913,23,1,1,94,23,5952721.04608279
"1914",1914,24,1,1,98,24,6585771.90841833
"1915",1915,25,1,1,102,25,6056789.51464548
"1916",1916,26,1,1,106,26,6838918.5133822
"1917",1917,27,1,1,110,27,7325815.89129311
"1918",1918,28,1,1,114,28,7822074.3076766
"1919",1919,29,1,1,118,29,8514459.9573447
"1920",1920,30,1,1,122,30,7931640.20029348
"1921",1921,31,1,1,126,31,9078803.64249578
"1922",1922,32,1,1,130,32,10477450.0522018
"1923",1923,33,1,1,134,33,9753255.44175622
"1924",1924,34,1,1,138,34,10859901.7841197
"1925",1925,35,1,1,142,35,10537510.4946132
"1926",1926,1,2,1,6,1,4.48242945293485
"1927",1927,2,2,1,10,2,13.1775766287767
"1928",1928,3,2,1,14,3,382.204047643992
"1929",1929,4,2,1,18,4,47855.2978627321
"1930",1930,5,2,1,22,5,115909.768525235
"1931",1931,6,2,1,26,6,266311.400367185
"1932",1932,7,2,1,30,7,374984.793671827
"1933",1933,8,2,1,34,8,784870.219164107
"1934",1934,9,2,1,38,9,868770.724253999
"1935",1935,10,2,1,42,10,1269081.82912982
"1936",1936,11,2,1,46,11,1284203.39794729
"1937",1937,12,2,1,50,12,2900142.16664136
"1938",1938,13,2,1,54,13,2634109.97056315
"1939",1939,14,2,1,58,14,2977921.88040375
"1940",1940,15,2,1,62,15,4311212.51724727
"1941",1941,16,2,1,66,16,4478628.68380398
"1942",1942,17,2,1,70,17,3158257.45648369
"1943",1943,18,2,1,74,18,4007860.7910369
"1944",1944,19,2,1,78,19,5383499.26363329
"1945",1945,20,2,1,82,20,4362401.23291118
"1946",1946,21,2,1,86,21,6312581.16995318
"1947",1947,22,2,1,90,22,4032543.46079253
"1948",1948,23,2,1,94,23,6431110.03610615
"1949",1949,24,2,1,98,24,7222728.18848167
"1950",1950,25,2,1,102,25,6773809.78270085
"1951",1951,26,2,1,106,26,7431197.25483452
"1952",1952,27,2,1,110,27,8057277.79809732
"1953",1953,28,2,1,114,28,8488013.85379428
"1954",1954,29,2,1,118,29,7724726.94835935
"1955",1955,30,2,1,122,30,10529952.1268147
"1956",1956,31,2,1,126,31,9181596.87595354
"1957",1957,32,2,1,130,32,10491298.0632933
"1958",1958,33,2,1,134,33,10083972.8453634
"1959",1959,34,2,1,138,34,9897294.47778
"1960",1960,35,2,1,142,35,10853451.4663781
"1961",1961,1,1,1,6,1,352.930820799168
"1962",1962,2,1,1,10,2,15735.3910915506
"1963",1963,3,1,1,14,3,84417.3564512787
"1964",1964,4,1,1,18,4,335845.541463217
"1965",1965,5,1,1,22,5,416031.861881643
"1966",1966,6,1,1,26,6,645129.033597108
"1967",1967,7,1,1,30,7,736466.319963886
"1968",1968,8,1,1,34,8,1341463.61733555
"1969",1969,9,1,1,38,9,1537296.22007734
"1970",1970,10,1,1,42,10,2297275.64777281
"1971",1971,11,1,1,46,11,2475222.22895708
"1972",1972,12,1,1,50,12,2654319.60982436
"1973",1973,13,1,1,54,13,2376199.78244986
"1974",1974,14,1,1,58,14,3292094.73608147
"1975",1975,15,1,1,62,15,3055538.47675275
"1976",1976,16,1,1,66,16,4245037.79441289
"1977",1977,17,1,1,70,17,4894372.21536873
"1978",1978,18,1,1,74,18,4913924.75649174
"1979",1979,19,1,1,78,19,5891697.03726907
"1980",1980,20,1,1,82,20,5641744.4084341
"1981",1981,21,1,1,86,21,5626229.66804514
"1982",1982,22,1,1,90,22,6270955.37883473
"1983",1983,23,1,1,94,23,5557505.68785185
"1984",1984,24,1,1,98,24,6526296.37092683
"1985",1985,25,1,1,102,25,6726680.94581271
"1986",1986,26,1,1,106,26,7300984.93550396
"1987",1987,27,1,1,110,27,7546151.78831841
"1988",1988,28,1,1,114,28,6551049.48504708
"1989",1989,29,1,1,118,29,8678479.04191094
"1990",1990,30,1,1,122,30,8641956.27855992
"1991",1991,31,1,1,126,31,9824354.61162773
"1992",1992,32,1,1,130,32,10244486.9891354
"1993",1993,33,1,1,134,33,9669004.60995681
"1994",1994,34,1,1,138,34,10304395.2443775
"1995",1995,35,1,1,142,35,11591022.9743607
"1996",1996,1,2,1,6,1,0.0146451044985908
"1997",1997,2,2,1,10,2,9.28955298728645
"1998",1998,3,2,1,14,3,7194.08973083952
"1999",1999,4,2,1,18,4,24511.0696362472
"2000",2000,5,2,1,22,5,13809.9316512407
"2001",2001,6,2,1,26,6,131985.719210863
"2002",2002,7,2,1,30,7,121105.387988852
"2003",2003,8,2,1,34,8,265241.454831303
"2004",2004,9,2,1,38,9,1074999.43426099
"2005",2005,10,2,1,42,10,1250360.52379224
"2006",2006,11,2,1,46,11,1264721.70042063
"2007",2007,12,2,1,50,12,1046753.83485226
"2008",2008,13,2,1,54,13,3295416.8915361
"2009",2009,14,2,1,58,14,3510817.58910922
"2010",2010,15,2,1,62,15,3665576.79980262
"2011",2011,16,2,1,66,16,4225773.94264809
"2012",2012,17,2,1,70,17,4669542.61540216
"2013",2013,18,2,1,74,18,5046995.38120078
"2014",2014,19,2,1,78,19,5054375.72880091
"2015",2015,20,2,1,82,20,4572128.4649794
"2016",2016,21,2,1,86,21,5397590.7062942
"2017",2017,22,2,1,90,22,5741581.85211646
"2018",2018,23,2,1,94,23,5621019.71357257
"2019",2019,24,2,1,98,24,5915177.380233
"2020",2020,25,2,1,102,25,6063516.77787713
"2021",2021,26,2,1,106,26,7954368.69287604
"2022",2022,27,2,1,110,27,6702204.12844363
"2023",2023,28,2,1,114,28,8596414.20640072
"2024",2024,29,2,1,118,29,7894231.44042981
"2025",2025,30,2,1,122,30,9441828.25181488
"2026",2026,31,2,1,126,31,8749791.41332841
"2027",2027,32,2,1,130,32,9880023.96347145
"2028",2028,33,2,1,134,33,10518596.3493952
"2029",2029,34,2,1,138,34,9780132.51898264
"2030",2030,35,2,1,142,35,11213032.7316147
"2031",2031,1,1,1,6,1,399.310944584381
"2032",2032,2,1,1,10,2,16394.1892733034
"2033",2033,3,1,1,14,3,171115.777747994
"2034",2034,4,1,1,18,4,244393.023132655
"2035",2035,5,1,1,22,5,294463.830513129
"2036",2036,6,1,1,26,6,579605.248895511
"2037",2037,7,1,1,30,7,1013787.45759187
"2038",2038,8,1,1,34,8,1038646.75837623
"2039",2039,9,1,1,38,9,1388969.8488966
"2040",2040,10,1,1,42,10,1659771.71388448
"2041",2041,11,1,1,46,11,2337203.56944074
"2042",2042,12,1,1,50,12,2376084.92619608
"2043",2043,13,1,1,54,13,2804400.46290435
"2044",2044,14,1,1,58,14,3632735.05148551
"2045",2045,15,1,1,62,15,4130069.78347438
"2046",2046,16,1,1,66,16,3304214.83427005
"2047",2047,17,1,1,70,17,4168362.13098763
"2048",2048,18,1,1,74,18,4368502.96742134
"2049",2049,19,1,1,78,19,4865658.62397273
"2050",2050,20,1,1,82,20,6350189.08137052
"2051",2051,21,1,1,86,21,5849805.28914174
"2052",2052,22,1,1,90,22,6008632.0965304
"2053",2053,23,1,1,94,23,6233868.88573616
"2054",2054,24,1,1,98,24,5931612.13286258
"2055",2055,25,1,1,102,25,5797385.05166133
"2056",2056,26,1,1,106,26,6250967.22793427
"2057",2057,27,1,1,110,27,7899156.10066583
"2058",2058,28,1,1,114,28,7457662.30682875
"2059",2059,29,1,1,118,29,8543410.38185402
"2060",2060,30,1,1,122,30,8506711.713092
"2061",2061,31,1,1,126,31,9438473.23190488
"2062",2062,32,1,1,130,32,9873270.4693042
"2063",2063,33,1,1,134,33,10905008.0650418
"2064",2064,34,1,1,138,34,9036694.98808439
"2065",2065,35,1,1,142,35,11075141.8113444
"2066",2066,1,2,1,6,1,0.00103131945463732
"2067",2067,2,2,1,10,2,9.90295755557911
"2068",2068,3,2,1,14,3,182.563609797332
"2069",2069,4,2,1,18,4,55144.9024099192
"2070",2070,5,2,1,22,5,11385.0541964224
"2071",2071,6,2,1,26,6,134651.80906987
"2072",2072,7,2,1,30,7,269125.080206424
"2073",2073,8,2,1,34,8,478176.044166625
"2074",2074,9,2,1,38,9,512577.361173783
"2075",2075,10,2,1,42,10,1108375.78856924
"2076",2076,11,2,1,46,11,854903.096736575
"2077",2077,12,2,1,50,12,3144426.83462403
"2078",2078,13,2,1,54,13,2240170.87103035
"2079",2079,14,2,1,58,14,3364757.52063473
"2080",2080,15,2,1,62,15,3451604.65209601
"2081",2081,16,2,1,66,16,3620266.25856808
"2082",2082,17,2,1,70,17,4561162.75054823
"2083",2083,18,2,1,74,18,4213241.3903666
"2084",2084,19,2,1,78,19,5756954.69423602
"2085",2085,20,2,1,82,20,5358296.11886677
"2086",2086,21,2,1,86,21,6272279.69140611
"2087",2087,22,2,1,90,22,5906515.46236707
"2088",2088,23,2,1,94,23,6756882.33716229
"2089",2089,24,2,1,98,24,6182715.35269756
"2090",2090,25,2,1,102,25,5987484.15293968
"2091",2091,26,2,1,106,26,7722336.29062101
"2092",2092,27,2,1,110,27,7748749.57937421
"2093",2093,28,2,1,114,28,8168503.68252351
"2094",2094,29,2,1,118,29,8754044.17186813
"2095",2095,30,2,1,122,30,8542633.0462418
"2096",2096,31,2,1,126,31,9601934.17371999
"2097",2097,32,2,1,130,32,10156967.9228289
"2098",2098,33,2,1,134,33,9120769.5910508
"2099",2099,34,2,1,138,34,9490311.53082285
"2100",2100,35,2,1,142,35,11492747.2175799
