"algorithm","replicate","instance","group","result"
1,25,24,8,-1
1,28,5,2,-1
1,28,66,20,-1
1,29,18,6,-1
2,12,132,39,-1
1,16,88,26,-1
1,14,103,31,-1
2,7,10,3,-1
2,24,98,29,-1
1,3,45,14,-1
2,19,48,15,-1
2,5,45,14,-1
2,10,23,7,-1
2,22,132,39,-1
2,19,130,39,-1
2,30,24,8,-1
1,23,148,44,-1
1,3,80,24,-1
1,17,84,25,-1
1,14,116,35,-1
1,25,79,24,-1
2,8,89,27,-1
2,5,116,35,-1
2,14,107,32,-1
2,24,97,29,-1
2,29,28,9,-1
1,19,117,35,-1
2,16,125,37,-1
1,6,53,16,-1
2,4,66,20,-1
1,18,108,32,-1
2,17,90,27,-1
1,21,138,41,-1
2,15,101,30,-1
1,5,56,17,-1
1,5,77,23,-1
1,12,120,36,-1
2,27,64,19,-1
2,25,106,32,-1
2,8,60,18,-1
2,4,94,28,-1
2,29,11,4,-1
2,26,59,18,-1
1,18,10,3,-1
1,28,140,42,-1
2,8,138,41,-1
1,12,105,32,-1
2,10,11,4,-1
1,19,84,25,-1
2,5,149,44,-1
1,11,141,42,-1
1,5,7,3,-1
1,19,130,39,-1
2,27,63,19,-1
2,20,8,3,-1
2,22,27,8,-1
2,15,50,15,-1
2,15,7,3,-1
2,24,144,43,-1
1,11,59,18,-1
1,22,54,16,-1
1,21,5,2,-1
2,22,122,37,-1
2,19,6,2,-1
1,3,79,24,-1
2,8,101,30,-1
1,24,131,39,-1
2,17,120,36,-1
1,8,55,17,-1
2,9,22,7,-1
2,1,21,7,-1
2,13,123,37,-1
1,26,114,34,-1
1,8,118,35,-1
1,9,19,6,-1
1,10,138,41,-1
1,15,38,12,-1
2,19,127,38,-1
1,3,91,27,-1
1,15,68,21,-1
2,4,64,19,-1
2,14,31,10,-1
1,7,144,43,-1
1,6,42,13,-1
2,12,31,10,-1
1,16,136,41,-1
1,29,25,8,-1
1,24,2,1,-1
1,16,26,8,-1
1,9,109,33,-1
2,13,51,16,-1
1,30,47,14,-1
2,13,100,30,-1
1,25,22,7,-1
1,4,72,22,-1
2,7,91,27,-1
1,12,148,44,-1
2,7,54,16,-1
2,23,9,3,-1
1,22,130,39,-1
2,11,82,25,-1
1,28,97,29,-1
2,2,106,32,-1
1,17,99,30,-1
1,8,32,10,-1
1,29,110,33,-1
2,27,117,35,-1
2,6,41,13,-1
1,25,66,20,-1
2,8,78,24,-1
1,5,57,17,-1
1,16,12,4,-1
2,19,82,25,-1
1,15,102,31,-1
2,9,42,13,-1
2,3,62,19,-1
1,1,126,38,-1
1,2,9,3,-1
1,26,94,28,-1
2,22,47,14,-1
2,16,100,30,-1
1,26,139,42,-1
2,1,58,18,-1
2,30,38,12,-1
2,4,113,34,-1
1,19,2,1,-1
2,20,75,23,-1
2,13,126,38,-1
1,29,116,35,-1
2,3,53,16,-1
1,7,81,24,-1
2,15,127,38,-1
1,6,17,6,-1
2,6,96,29,-1
2,17,107,32,-1
1,4,60,18,-1
1,11,25,8,-1
1,3,112,34,-1
2,8,112,34,-1
2,12,11,4,-1
2,28,106,32,-1
1,30,123,37,-1
2,22,146,44,-1
1,8,125,37,-1
1,25,40,12,-1
2,4,16,5,-1
2,21,118,35,-1
2,18,112,34,-1
2,9,24,8,-1
2,5,136,41,-1
1,7,111,33,-1
2,19,107,32,-1
1,10,40,12,-1
2,8,86,26,-1
1,20,150,45,-1
1,21,21,7,-1
2,8,128,38,-1
2,21,86,26,-1
1,28,49,15,-1
1,17,147,44,-1
1,26,89,27,-1
1,18,91,27,-1
1,23,5,2,-1
1,24,50,15,-1
2,25,126,38,-1
2,15,93,28,-1
1,29,11,4,-1
1,8,18,6,-1
2,29,56,17,-1
1,5,75,23,-1
1,19,73,22,-1
2,17,113,34,-1
2,10,26,8,-1
2,8,31,10,-1
1,16,73,22,-1
2,28,17,6,-1
2,6,142,42,-1
2,1,35,11,-1
2,1,142,42,-1
2,13,111,33,-1
1,2,69,21,-1
2,17,10,3,-1
2,14,137,41,-1
1,28,14,5,-1
2,16,124,37,-1
1,5,58,18,-1
2,1,110,33,-1
1,7,24,8,-1
1,30,76,23,-1
1,30,132,39,-1
1,7,85,26,-1
1,12,20,6,-1
1,21,125,37,-1
2,28,34,11,-1
2,12,15,5,-1
1,6,100,30,-1
1,18,104,31,-1
1,23,142,42,-1
2,2,107,32,-1
1,26,144,43,-1
1,30,97,29,-1
2,14,136,41,-1
2,2,137,41,-1
1,28,147,44,-1
2,11,96,29,-1
2,24,7,3,-1
2,20,132,39,-1
1,27,39,12,-1
1,23,117,35,-1
2,3,111,33,-1
2,6,78,24,-1
2,25,62,19,-1
1,9,120,36,-1
1,2,16,5,-1
2,22,61,19,-1
1,22,148,44,-1
2,28,44,13,-1
2,6,65,20,-1
1,28,69,21,-1
2,4,115,34,-1
1,19,147,44,-1
2,29,125,37,-1
2,20,12,4,-1
1,25,48,15,-1
2,5,142,42,-1
2,4,117,35,-1
1,1,6,2,-1
2,24,36,11,-1
2,2,119,36,-1
1,21,60,18,-1
2,23,76,23,-1
1,10,55,17,-1
2,25,9,3,-1
2,17,70,21,-1
2,14,90,27,-1
2,26,79,24,-1
1,11,24,8,-1
2,28,115,34,-1
2,25,140,42,-1
1,8,105,32,-1
2,25,43,13,-1
2,20,92,28,-1
2,1,4,2,-1
1,28,136,41,-1
2,22,99,30,-1
1,25,88,26,-1
1,30,17,6,-1
1,26,145,43,-1
1,14,145,43,-1
1,1,7,3,-1
1,17,143,43,-1
1,3,149,44,-1
1,20,79,24,-1
2,14,135,40,-1
2,16,26,8,-1
2,13,88,26,-1
2,16,94,28,-1
1,5,115,34,-1
2,22,32,10,-1
2,13,89,27,-1
1,17,111,33,-1
2,10,141,42,-1
1,26,56,17,-1
2,24,110,33,-1
2,24,57,17,-1
2,27,134,40,-1
1,13,104,31,-1
2,15,78,24,-1
1,18,11,4,-1
2,20,25,8,-1
2,20,37,11,-1
2,10,29,9,-1
2,30,139,42,-1
2,23,122,37,-1
2,1,149,44,-1
2,6,28,9,-1
1,20,20,6,-1
2,17,88,26,-1
2,26,41,13,-1
2,15,94,28,-1
1,29,102,31,-1
1,29,127,38,-1
1,22,149,44,-1
2,28,36,11,-1
1,14,67,20,-1
2,1,75,23,-1
2,28,118,35,-1
1,22,5,2,-1
2,10,68,21,-1
1,19,3,1,-1
2,2,96,29,-1
1,4,109,33,-1
1,21,52,16,-1
2,25,135,40,-1
2,7,9,3,-1
2,24,88,26,-1
2,9,139,42,-1
2,5,5,2,-1
2,30,50,15,-1
1,25,136,41,-1
1,28,55,17,-1
1,21,18,6,-1
2,23,27,8,-1
2,11,76,23,-1
1,27,73,22,-1
2,26,16,5,-1
1,5,44,13,-1
1,15,5,2,-1
2,24,17,6,-1
2,18,24,8,-1
2,11,16,5,-1
1,13,123,37,-1
2,30,87,26,-1
1,14,94,28,-1
1,20,14,5,-1
2,4,68,21,-1
2,30,113,34,-1
2,3,147,44,-1
1,19,28,9,-1
1,7,74,22,-1
2,24,78,24,-1
2,6,124,37,-1
1,18,101,30,-1
2,21,27,8,-1
2,5,148,44,-1
2,10,99,30,-1
2,18,27,8,-1
1,5,141,42,-1
2,29,39,12,-1
2,26,89,27,-1
1,20,134,40,-1
2,14,110,33,-1
2,16,65,20,-1
1,27,111,33,-1
2,18,7,3,-1
1,28,11,4,-1
1,23,80,24,-1
1,23,110,33,-1
1,21,49,15,-1
2,26,96,29,-1
1,20,42,13,-1
1,16,77,23,-1
1,23,150,45,-1
1,30,108,32,-1
2,23,98,29,-1
2,14,55,17,-1
1,14,60,18,-1
2,10,98,29,-1
1,8,50,15,-1
1,24,10,3,-1
2,4,12,4,-1
1,21,39,12,-1
1,28,27,8,-1
1,7,61,19,-1
2,8,12,4,-1
1,13,10,3,-1
2,21,17,6,-1
2,22,76,23,-1
2,12,99,30,-1
1,6,101,30,-1
2,20,139,42,-1
1,27,147,44,-1
1,3,139,42,-1
1,23,99,30,-1
1,29,132,39,-1
2,10,45,14,-1
2,20,70,21,-1
2,20,20,6,-1
2,12,90,27,-1
2,28,51,16,-1
2,14,18,6,-1
2,17,56,17,-1
1,17,29,9,-1
1,6,8,3,-1
1,2,123,37,-1
2,30,53,16,-1
2,24,140,42,-1
2,14,40,12,-1
2,24,128,38,-1
1,17,112,34,-1
2,26,97,29,-1
1,21,84,25,-1
2,16,130,39,-1
1,27,11,4,-1
1,28,137,41,-1
2,4,14,5,-1
2,3,130,39,-1
2,2,110,33,-1
1,27,17,6,-1
2,19,137,41,-1
1,29,33,10,-1
2,16,47,14,-1
2,5,103,31,-1
2,23,46,14,-1
2,30,54,16,-1
2,17,78,24,-1
1,30,119,36,-1
2,29,114,34,-1
2,20,79,24,-1
2,19,114,34,-1
2,23,107,32,-1
2,19,85,26,-1
2,7,34,11,-1
1,30,126,38,-1
1,1,142,42,-1
2,3,91,27,-1
1,8,67,20,-1
1,26,61,19,-1
2,11,77,23,-1
1,29,48,15,-1
2,11,38,12,-1
2,14,138,41,-1
2,7,4,2,-1
2,10,43,13,-1
2,26,148,44,-1
2,23,130,39,-1
1,13,27,8,-1
1,30,99,30,-1
2,4,47,14,-1
1,3,106,32,-1
2,15,25,8,-1
2,14,140,42,-1
2,23,105,32,-1
2,12,81,24,-1
2,21,130,39,-1
1,20,126,38,-1
2,25,11,4,-1
1,7,43,13,-1
1,27,68,21,-1
2,9,73,22,-1
2,6,61,19,-1
2,5,22,7,-1
2,15,29,9,-1
1,10,25,8,-1
2,29,94,28,-1
1,4,105,32,-1
1,14,85,26,-1
1,21,120,36,-1
1,3,111,33,-1
2,11,85,26,-1
2,5,73,22,-1
1,26,113,34,-1
2,21,21,7,-1
2,22,121,36,-1
1,12,15,5,-1
2,3,35,11,-1
2,15,81,24,-1
1,20,39,12,-1
1,8,47,14,-1
1,21,81,24,-1
1,19,150,45,-1
1,25,46,14,-1
2,27,46,14,-1
2,4,74,22,-1
1,10,116,35,-1
1,29,5,2,-1
1,4,99,30,-1
1,14,20,6,-1
1,27,84,25,-1
1,17,3,1,-1
1,24,55,17,-1
2,9,29,9,-1
1,28,7,3,-1
2,1,48,15,-1
1,20,74,22,-1
1,6,147,44,-1
1,19,9,3,-1
1,6,96,29,-1
1,14,13,4,-1
1,29,126,38,-1
1,2,7,3,-1
2,22,95,29,-1
1,27,49,15,-1
1,29,111,33,-1
2,20,29,9,-1
1,11,140,42,-1
2,30,4,2,-1
2,18,51,16,-1
1,7,84,25,-1
2,8,122,37,-1
1,2,29,9,-1
1,22,73,22,-1
2,16,116,35,-1
1,21,105,32,-1
1,21,82,25,-1
2,5,96,29,-1
2,26,78,24,-1
1,3,134,40,-1
2,21,76,23,-1
2,23,70,21,-1
2,26,104,31,-1
1,16,115,34,-1
1,3,23,7,-1
1,9,141,42,-1
1,20,69,21,-1
2,4,36,11,-1
1,30,83,25,-1
2,30,59,18,-1
1,16,2,1,-1
2,27,99,30,-1
2,15,58,18,-1
1,6,119,36,-1
2,10,133,40,-1
1,25,112,34,-1
1,2,43,13,-1
2,29,13,4,-1
2,10,125,37,-1
2,6,73,22,-1
2,10,145,43,-1
2,17,12,4,-1
2,30,140,42,-1
2,13,137,41,-1
2,17,89,27,-1
1,3,144,43,-1
2,6,114,34,-1
2,9,129,39,-1
2,21,53,16,-1
2,5,32,10,-1
1,22,6,2,-1
2,2,16,5,-1
2,23,150,45,-1
2,28,45,14,-1
1,2,66,20,-1
1,18,102,31,-1
2,9,8,3,-1
2,28,43,13,-1
2,5,16,5,-1
2,5,100,30,-1
1,29,143,43,-1
2,19,113,34,-1
2,15,36,11,-1
2,1,76,23,-1
1,6,71,21,-1
2,15,148,44,-1
1,15,52,16,-1
2,25,123,37,-1
1,19,20,6,-1
2,12,32,10,-1
2,30,29,9,-1
2,3,43,13,-1
2,2,134,40,-1
1,14,76,23,-1
2,19,132,39,-1
2,3,122,37,-1
1,17,138,41,-1
2,8,75,23,-1
1,4,81,24,-1
2,12,113,34,-1
1,17,121,36,-1
2,9,130,39,-1
1,15,67,20,-1
1,6,85,26,-1
2,4,101,30,-1
2,2,148,44,-1
1,5,10,3,-1
2,1,136,41,-1
2,8,22,7,-1
1,1,123,37,-1
2,5,91,27,-1
2,12,61,19,-1
1,1,145,43,-1
2,3,143,43,-1
2,20,47,14,-1
2,1,109,33,-1
2,10,79,24,-1
1,20,111,33,-1
1,10,39,12,-1
1,17,25,8,-1
2,5,75,23,-1
1,22,51,16,-1
1,24,116,35,-1
1,1,29,9,-1
1,23,11,4,-1
1,25,109,33,-1
1,12,9,3,-1
1,25,16,5,-1
1,21,97,29,-1
1,16,23,7,-1
1,23,27,8,-1
2,8,61,19,-1
1,18,115,34,-1
2,5,12,4,-1
2,15,122,37,-1
1,5,19,6,-1
2,21,85,26,-1
2,17,40,12,-1
1,6,40,12,-1
1,14,80,24,-1
1,23,119,36,-1
1,16,89,27,-1
1,21,123,37,-1
2,4,40,12,-1
2,25,31,10,-1
2,24,22,7,-1
1,21,74,22,-1
2,3,134,40,-1
2,18,150,45,-1
1,5,60,18,-1
2,17,86,26,-1
1,3,13,4,-1
2,21,72,22,-1
2,21,33,10,-1
2,30,105,32,-1
2,25,108,32,-1
2,22,108,32,-1
2,22,49,15,-1
2,27,145,43,-1
2,3,18,6,-1
1,2,20,6,-1
1,15,40,12,-1
2,26,75,23,-1
1,10,9,3,-1
1,19,106,32,-1
2,13,119,36,-1
1,9,121,36,-1
1,16,51,16,-1
2,11,52,16,-1
2,17,105,32,-1
1,28,114,34,-1
2,10,6,2,-1
1,26,34,11,-1
1,2,142,42,-1
2,7,55,17,-1
2,26,13,4,-1
2,3,12,4,-1
1,4,5,2,-1
2,17,13,4,-1
1,8,73,22,-1
2,21,121,36,-1
2,23,29,9,-1
2,25,94,28,-1
1,13,120,36,-1
1,2,124,37,-1
2,3,90,27,-1
2,10,110,33,-1
1,13,131,39,-1
2,15,70,21,-1
2,11,134,40,-1
2,13,62,19,-1
1,8,95,29,-1
2,8,2,1,-1
1,8,20,6,-1
1,26,51,16,-1
1,14,50,15,-1
2,12,127,38,-1
2,16,2,1,-1
1,6,113,34,-1
1,25,4,2,-1
2,26,27,8,-1
1,27,53,16,-1
2,23,87,26,-1
1,27,43,13,-1
1,23,61,19,-1
1,16,70,21,-1
1,20,94,28,-1
1,22,101,30,-1
1,6,120,36,-1
2,6,129,39,-1
1,3,81,24,-1
2,17,54,16,-1
1,15,110,33,-1
1,22,61,19,-1
2,28,124,37,-1
2,28,8,3,-1
1,19,61,19,-1
1,20,95,29,-1
1,8,91,27,-1
2,25,115,34,-1
1,24,144,43,-1
1,16,140,42,-1
1,19,46,14,-1
1,11,42,13,-1
1,9,132,39,-1
1,22,127,38,-1
2,19,136,41,-1
1,23,57,17,-1
1,2,15,5,-1
1,27,124,37,-1
2,10,18,6,-1
2,25,73,22,-1
2,19,87,26,-1
2,21,7,3,-1
2,4,71,21,-1
1,10,62,19,-1
2,21,77,23,-1
1,2,55,17,-1
1,13,13,4,-1
2,2,94,28,-1
2,12,73,22,-1
2,20,69,21,-1
2,7,39,12,-1
1,10,120,36,-1
1,30,19,6,-1
1,20,125,37,-1
1,27,18,6,-1
1,26,110,33,-1
1,5,108,32,-1
1,27,65,20,-1
2,29,106,32,-1
1,19,37,11,-1
2,22,30,9,-1
1,15,82,25,-1
1,15,136,41,-1
1,9,69,21,-1
2,23,79,24,-1
2,2,93,28,-1
1,14,31,10,-1
2,23,134,40,-1
2,15,17,6,-1
2,22,128,38,-1
2,28,68,21,-1
1,30,137,41,-1
2,2,20,6,-1
2,5,57,17,-1
2,8,70,21,-1
2,19,64,19,-1
2,4,30,9,-1
1,18,22,7,-1
1,25,120,36,-1
1,13,114,34,-1
2,5,89,27,-1
1,12,60,18,-1
2,12,62,19,-1
2,1,99,30,-1
1,15,95,29,-1
1,12,89,27,-1
2,18,145,43,-1
2,7,8,3,-1
1,30,5,2,-1
2,19,18,6,-1
1,3,102,31,-1
2,16,44,13,-1
2,5,121,36,-1
2,13,102,31,-1
2,10,115,34,-1
1,27,90,27,-1
1,9,12,4,-1
1,23,21,7,-1
1,26,22,7,-1
2,21,103,31,-1
1,13,55,17,-1
1,5,42,13,-1
1,12,22,7,-1
1,30,14,5,-1
1,3,148,44,-1
2,14,38,12,-1
2,9,105,32,-1
2,2,7,3,-1
2,28,9,3,-1
1,8,96,29,-1
1,22,56,17,-1
2,30,137,41,-1
2,30,22,7,-1
2,21,68,21,-1
2,21,37,11,-1
2,2,6,2,-1
2,18,108,32,-1
2,1,86,26,-1
2,6,13,4,-1
1,12,103,31,-1
1,2,127,38,-1
1,27,125,37,-1
2,22,62,19,-1
2,2,30,9,-1
2,15,76,23,-1
2,1,62,19,-1
1,27,137,41,-1
2,19,90,27,-1
2,13,105,32,-1
1,18,40,12,-1
1,24,117,35,-1
2,1,32,10,-1
1,30,113,34,-1
1,24,120,36,-1
2,4,90,27,-1
1,10,101,30,-1
1,14,113,34,-1
2,20,66,20,-1
2,4,48,15,-1
2,21,146,44,-1
2,19,144,43,-1
1,2,51,16,-1
1,21,131,39,-1
1,27,145,43,-1
1,15,39,12,-1
2,25,95,29,-1
2,5,134,40,-1
1,3,37,11,-1
2,16,140,42,-1
2,20,32,10,-1
1,17,82,25,-1
2,17,144,43,-1
2,18,94,28,-1
2,22,26,8,-1
1,13,150,45,-1
2,27,24,8,-1
1,9,130,39,-1
2,23,24,8,-1
1,27,42,13,-1
1,9,102,31,-1
2,9,5,2,-1
2,23,97,29,-1
2,18,78,24,-1
1,23,9,3,-1
2,22,84,25,-1
1,6,55,17,-1
1,20,120,36,-1
2,8,54,16,-1
1,2,138,41,-1
2,18,84,25,-1
1,11,67,20,-1
1,8,107,32,-1
2,11,53,16,-1
2,27,73,22,-1
2,16,135,40,-1
1,26,49,15,-1
1,24,46,14,-1
2,3,59,18,-1
2,3,82,25,-1
2,7,94,28,-1
2,29,80,24,-1
2,25,37,11,-1
1,24,148,44,-1
2,21,113,34,-1
2,2,67,20,-1
2,2,136,41,-1
2,17,147,44,-1
2,9,70,21,-1
2,28,149,44,-1
1,10,96,29,-1
1,15,81,24,-1
2,7,150,45,-1
2,9,30,9,-1
1,8,45,14,-1
2,18,8,3,-1
2,1,50,15,-1
2,30,134,40,-1
2,9,112,34,-1
2,21,133,40,-1
2,16,137,41,-1
2,1,115,34,-1
1,23,98,29,-1
2,17,14,5,-1
2,9,126,38,-1
1,23,51,16,-1
2,13,122,37,-1
2,25,25,8,-1
2,21,126,38,-1
2,13,53,16,-1
2,20,27,8,-1
2,26,57,17,-1
2,2,52,16,-1
2,20,110,33,-1
2,6,67,20,-1
2,23,10,3,-1
2,26,70,21,-1
1,25,104,31,-1
1,12,28,9,-1
2,25,70,21,-1
2,30,97,29,-1
2,26,30,9,-1
1,6,18,6,-1
1,21,147,44,-1
1,7,10,3,-1
1,28,84,25,-1
2,11,63,19,-1
1,12,81,24,-1
1,14,42,13,-1
2,17,33,10,-1
1,22,14,5,-1
2,20,26,8,-1
2,30,123,37,-1
1,19,19,6,-1
2,18,142,42,-1
1,11,129,39,-1
1,13,67,20,-1
2,23,99,30,-1
2,25,137,41,-1
2,24,49,15,-1
1,4,33,10,-1
1,7,86,26,-1
2,13,34,11,-1
2,16,133,40,-1
1,26,121,36,-1
2,21,13,4,-1
2,14,45,14,-1
2,28,69,21,-1
1,13,83,25,-1
2,20,6,2,-1
2,11,57,17,-1
1,3,72,22,-1
2,17,73,22,-1
1,16,45,14,-1
2,13,97,29,-1
1,14,18,6,-1
2,9,83,25,-1
2,20,23,7,-1
2,13,96,29,-1
1,23,63,19,-1
1,7,29,9,-1
2,6,44,13,-1
1,13,122,37,-1
1,12,36,11,-1
1,1,82,25,-1
1,16,101,30,-1
1,20,109,33,-1
2,29,18,6,-1
1,11,46,14,-1
2,29,98,29,-1
2,7,111,33,-1
1,12,31,10,-1
2,15,4,2,-1
1,28,129,39,-1
1,17,120,36,-1
2,29,72,22,-1
2,9,51,16,-1
2,29,137,41,-1
1,25,71,21,-1
2,4,37,11,-1
2,9,38,12,-1
2,20,85,26,-1
2,9,64,19,-1
2,1,126,38,-1
2,27,47,14,-1
2,3,137,41,-1
1,11,90,27,-1
1,27,122,37,-1
1,5,76,23,-1
2,27,57,17,-1
1,22,116,35,-1
2,6,31,10,-1
1,27,12,4,-1
1,16,16,5,-1
1,26,17,6,-1
2,7,52,16,-1
2,25,7,3,-1
1,17,71,21,-1
2,12,5,2,-1
2,27,67,20,-1
2,30,41,13,-1
2,3,104,31,-1
1,26,80,24,-1
1,15,142,42,-1
1,27,37,11,-1
2,20,4,2,-1
1,5,45,14,-1
2,28,26,8,-1
1,1,139,42,-1
1,26,90,27,-1
2,16,38,12,-1
1,1,92,28,-1
1,20,25,8,-1
2,6,126,38,-1
1,3,92,28,-1
1,5,73,22,-1
1,17,104,31,-1
2,1,7,3,-1
1,9,40,12,-1
1,18,72,22,-1
2,6,39,12,-1
1,17,113,34,-1
1,30,118,35,-1
2,16,45,14,-1
1,16,66,20,-1
2,25,5,2,-1
1,20,85,26,-1
1,21,70,21,-1
2,5,77,23,-1
2,12,121,36,-1
1,28,20,6,-1
1,2,135,40,-1
1,8,108,32,-1
2,1,61,19,-1
2,11,113,34,-1
1,7,21,7,-1
1,25,2,1,-1
2,22,130,39,-1
1,14,70,21,-1
2,16,48,15,-1
2,23,11,4,-1
1,10,103,31,-1
2,7,50,15,-1
1,5,95,29,-1
1,20,130,39,-1
2,17,53,16,-1
2,28,120,36,-1
1,21,124,37,-1
2,5,84,25,-1
2,7,14,5,-1
2,23,17,6,-1
2,20,76,23,-1
1,24,39,12,-1
2,7,104,31,-1
2,3,56,17,-1
2,14,127,38,-1
1,8,124,37,-1
1,20,7,3,-1
1,7,54,16,-1
1,1,70,21,-1
1,14,11,4,-1
2,22,67,20,-1
1,29,131,39,-1
2,18,126,38,-1
1,30,49,15,-1
1,2,27,8,-1
1,18,84,25,-1
2,28,104,31,-1
1,9,28,9,-1
1,15,46,14,-1
2,28,119,36,-1
2,14,99,30,-1
1,23,90,27,-1
2,25,6,2,-1
2,29,5,2,-1
1,19,90,27,-1
2,5,7,3,-1
2,3,145,43,-1
1,8,7,3,-1
2,20,46,14,-1
1,19,21,7,-1
1,15,115,34,-1
2,4,89,27,-1
1,25,111,33,-1
2,29,8,3,-1
2,14,122,37,-1
1,21,4,2,-1
2,24,61,19,-1
1,14,142,42,-1
1,28,61,19,-1
1,27,150,45,-1
2,18,119,36,-1
2,14,123,37,-1
1,26,102,31,-1
1,9,117,35,-1
1,1,19,6,-1
1,29,125,37,-1
1,8,81,24,-1
2,15,59,18,-1
1,2,95,29,-1
2,14,37,11,-1
2,20,130,39,-1
1,8,88,26,-1
1,28,41,13,-1
2,20,57,17,-1
1,3,22,7,-1
1,24,146,44,-1
2,30,12,4,-1
1,21,72,22,-1
1,6,78,24,-1
1,22,64,19,-1
2,29,113,34,-1
1,6,89,27,-1
1,9,106,32,-1
1,22,80,24,-1
1,18,128,38,-1
1,22,76,23,-1
1,24,54,16,-1
2,2,101,30,-1
1,1,52,16,-1
2,12,41,13,-1
2,28,122,37,-1
2,21,144,43,-1
1,7,129,39,-1
2,24,86,26,-1
2,30,121,36,-1
1,19,54,16,-1
1,29,95,29,-1
1,5,52,16,-1
1,27,56,17,-1
2,2,61,19,-1
1,23,43,13,-1
1,13,51,16,-1
2,23,33,10,-1
1,29,86,26,-1
2,21,78,24,-1
2,5,130,39,-1
2,8,81,24,-1
2,29,47,14,-1
2,20,35,11,-1
1,26,143,43,-1
1,26,26,8,-1
1,20,93,28,-1
2,15,26,8,-1
2,3,117,35,-1
1,20,23,7,-1
2,25,82,25,-1
1,26,19,6,-1
1,5,140,42,-1
1,13,11,4,-1
2,13,14,5,-1
2,21,83,25,-1
2,15,150,45,-1
1,29,15,5,-1
1,19,79,24,-1
2,7,121,36,-1
1,13,39,12,-1
1,5,148,44,-1
1,13,105,32,-1
1,18,112,34,-1
2,28,59,18,-1
2,13,82,25,-1
2,16,75,23,-1
1,4,77,23,-1
2,29,86,26,-1
1,30,36,11,-1
1,25,90,27,-1
1,20,56,17,-1
2,21,149,44,-1
2,29,70,21,-1
1,20,29,9,-1
2,22,57,17,-1
1,1,32,10,-1
1,3,97,29,-1
1,10,126,38,-1
2,7,110,33,-1
2,5,46,14,-1
2,13,18,6,-1
2,29,38,12,-1
2,17,111,33,-1
1,25,9,3,-1
2,10,97,29,-1
2,13,36,11,-1
1,4,65,20,-1
2,15,107,32,-1
2,15,123,37,-1
2,2,113,34,-1
2,30,15,5,-1
2,1,33,10,-1
2,23,96,29,-1
2,3,65,20,-1
1,1,72,22,-1
1,7,147,44,-1
2,11,23,7,-1
2,16,61,19,-1
1,14,90,27,-1
2,8,142,42,-1
1,15,56,17,-1
1,12,93,28,-1
1,19,97,29,-1
1,16,63,19,-1
2,5,49,15,-1
2,15,87,26,-1
2,21,92,28,-1
1,12,83,25,-1
1,27,20,6,-1
2,8,131,39,-1
1,29,44,13,-1
1,26,118,35,-1
2,13,28,9,-1
1,29,144,43,-1
1,23,91,27,-1
2,9,76,23,-1
2,19,57,17,-1
1,21,23,7,-1
2,28,86,26,-1
1,30,150,45,-1
1,9,55,17,-1
2,5,56,17,-1
1,3,61,19,-1
2,1,89,27,-1
2,11,107,32,-1
1,14,44,13,-1
1,25,82,25,-1
2,6,101,30,-1
2,5,35,11,-1
1,23,44,13,-1
2,11,119,36,-1
1,23,18,6,-1
1,28,19,6,-1
1,6,131,39,-1
2,27,142,42,-1
1,22,28,9,-1
2,26,35,11,-1
1,7,23,7,-1
1,9,149,44,-1
2,19,37,11,-1
2,30,80,24,-1
1,28,28,9,-1
2,3,123,37,-1
1,1,20,6,-1
2,2,117,35,-1
1,12,82,25,-1
1,5,125,37,-1
2,6,140,42,-1
1,10,3,1,-1
1,14,34,11,-1
2,16,103,31,-1
1,28,103,31,-1
1,5,22,7,-1
2,13,49,15,-1
1,17,40,12,-1
2,1,67,20,-1
2,19,27,8,-1
2,23,35,11,-1
2,16,138,41,-1
1,21,92,28,-1
2,15,51,16,-1
1,29,150,45,-1
1,15,30,9,-1
2,23,14,5,-1
2,30,118,35,-1
2,15,136,41,-1
2,16,8,3,-1
2,20,134,40,-1
2,22,68,21,-1
1,15,49,15,-1
2,22,41,13,-1
2,28,18,6,-1
1,8,147,44,-1
2,6,46,14,-1
2,6,11,4,-1
1,6,127,38,-1
2,18,70,21,-1
1,22,62,19,-1
2,23,90,27,-1
1,10,30,9,-1
2,8,44,13,-1
2,17,17,6,-1
2,22,118,35,-1
2,29,121,36,-1
1,23,34,11,-1
2,16,17,6,-1
1,1,45,14,-1
2,26,85,26,-1
1,6,103,31,-1
1,5,121,36,-1
1,17,92,28,-1
2,11,141,42,-1
2,24,102,31,-1
1,19,138,41,-1
2,24,129,39,-1
2,26,82,25,-1
2,17,34,11,-1
1,2,98,29,-1
1,15,27,8,-1
2,21,61,19,-1
1,22,90,27,-1
1,8,80,24,-1
1,8,98,29,-1
1,22,137,41,-1
1,21,90,27,-1
2,5,150,45,-1
2,3,55,17,-1
1,15,79,24,-1
2,17,35,11,-1
2,30,34,11,-1
1,2,112,34,-1
2,29,136,41,-1
1,18,74,22,-1
2,12,104,31,-1
1,26,63,19,-1
2,30,37,11,-1
2,15,52,16,-1
1,21,150,45,-1
1,19,18,6,-1
2,27,137,41,-1
2,18,6,2,-1
1,18,124,37,-1
2,9,125,37,-1
2,11,97,29,-1
1,19,100,30,-1
2,10,82,25,-1
2,9,81,24,-1
1,14,150,45,-1
2,28,70,21,-1
2,12,82,25,-1
1,23,96,29,-1
2,8,5,2,-1
1,11,10,3,-1
2,28,89,27,-1
2,29,65,20,-1
1,28,149,44,-1
2,23,34,11,-1
2,6,143,43,-1
2,15,80,24,-1
1,9,2,1,-1
1,20,64,19,-1
1,28,36,11,-1
1,2,141,42,-1
1,3,138,41,-1
1,19,82,25,-1
1,8,127,38,-1
1,5,66,20,-1
2,2,118,35,-1
1,23,143,43,-1
2,10,94,28,-1
1,5,59,18,-1
1,26,127,38,-1
1,18,39,12,-1
1,6,94,28,-1
2,17,71,21,-1
2,16,84,25,-1
1,28,72,22,-1
1,6,84,25,-1
2,18,39,12,-1
1,30,73,22,-1
2,25,119,36,-1
2,22,14,5,-1
2,5,10,3,-1
1,29,23,7,-1
2,30,149,44,-1
2,20,125,37,-1
2,5,131,39,-1
2,14,67,20,-1
2,21,98,29,-1
1,16,125,37,-1
1,7,120,36,-1
1,10,81,24,-1
2,11,121,36,-1
1,3,57,17,-1
1,24,66,20,-1
2,25,14,5,-1
1,26,146,44,-1
1,17,134,40,-1
2,20,114,34,-1
1,27,109,33,-1
2,13,32,10,-1
1,11,32,10,-1
1,30,3,1,-1
2,26,93,28,-1
1,25,31,10,-1
1,14,75,23,-1
1,1,5,2,-1
2,9,60,18,-1
2,16,120,36,-1
2,9,134,40,-1
1,14,59,18,-1
1,4,124,37,-1
2,7,32,10,-1
1,11,97,29,-1
1,6,95,29,-1
1,14,12,4,-1
1,21,36,11,-1
2,4,100,30,-1
1,16,69,21,-1
1,23,15,5,-1
2,8,110,33,-1
2,13,134,40,-1
1,1,115,34,-1
1,23,113,34,-1
1,29,147,44,-1
2,6,33,10,-1
2,10,134,40,-1
1,12,150,45,-1
2,26,101,30,-1
1,2,2,1,-1
2,28,136,41,-1
2,21,95,29,-1
2,29,104,31,-1
2,27,143,43,-1
1,16,118,35,-1
1,26,37,11,-1
2,3,101,30,-1
1,16,58,18,-1
2,15,129,39,-1
1,9,145,43,-1
1,1,107,32,-1
1,10,121,36,-1
1,22,125,37,-1
2,19,116,35,-1
2,5,39,12,-1
2,12,133,40,-1
2,7,128,38,-1
2,30,21,7,-1
2,7,109,33,-1
1,14,149,44,-1
1,21,9,3,-1
1,7,48,15,-1
2,4,7,3,-1
2,18,62,19,-1
1,29,119,36,-1
1,5,79,24,-1
1,30,82,25,-1
1,27,41,13,-1
1,1,63,19,-1
1,15,48,15,-1
2,10,91,27,-1
1,9,79,24,-1
1,6,21,7,-1
2,8,130,39,-1
2,8,16,5,-1
2,13,83,25,-1
2,17,65,20,-1
2,2,62,19,-1
2,7,84,25,-1
2,1,124,37,-1
2,15,120,36,-1
1,23,144,43,-1
2,13,29,9,-1
1,10,51,16,-1
1,30,48,15,-1
1,17,123,37,-1
2,29,3,1,-1
2,1,100,30,-1
2,18,88,26,-1
1,21,44,13,-1
2,27,13,4,-1
1,4,89,27,-1
1,26,106,32,-1
2,13,120,36,-1
1,9,27,8,-1
2,15,104,31,-1
2,24,76,23,-1
1,22,20,6,-1
1,2,128,38,-1
2,24,119,36,-1
2,12,91,27,-1
1,17,27,8,-1
2,7,53,16,-1
1,28,63,19,-1
2,23,139,42,-1
2,1,72,22,-1
2,27,87,26,-1
1,23,52,16,-1
1,28,119,36,-1
1,10,76,23,-1
2,30,108,32,-1
2,13,56,17,-1
2,20,2,1,-1
2,13,136,41,-1
2,7,64,19,-1
1,17,35,11,-1
2,21,45,14,-1
2,19,109,33,-1
2,6,95,29,-1
2,3,11,4,-1
2,15,2,1,-1
2,26,113,34,-1
1,22,150,45,-1
1,6,126,38,-1
1,9,22,7,-1
1,22,112,34,-1
1,26,117,35,-1
1,11,120,36,-1
1,25,150,45,-1
1,7,62,19,-1
2,5,122,37,-1
2,7,47,14,-1
1,6,22,7,-1
2,14,94,28,-1
2,16,10,3,-1
2,15,66,20,-1
2,23,47,14,-1
2,23,102,31,-1
1,1,137,41,-1
1,19,49,15,-1
2,18,56,17,-1
2,20,71,21,-1
2,26,8,3,-1
2,28,11,4,-1
1,1,147,44,-1
2,3,25,8,-1
1,8,111,33,-1
1,11,38,12,-1
1,24,77,23,-1
1,10,58,18,-1
2,16,99,30,-1
2,14,111,33,-1
2,9,124,37,-1
2,2,54,16,-1
1,19,30,9,-1
1,16,93,28,-1
1,30,140,42,-1
1,12,108,32,-1
2,29,30,9,-1
2,13,26,8,-1
2,26,138,41,-1
1,30,20,6,-1
1,4,150,45,-1
1,2,58,18,-1
2,25,150,45,-1
1,26,3,1,-1
1,29,142,42,-1
2,6,91,27,-1
1,30,125,37,-1
1,29,79,24,-1
2,17,125,37,-1
2,16,22,7,-1
2,20,43,13,-1
2,11,3,1,-1
2,20,107,32,-1
1,25,100,30,-1
2,27,75,23,-1
1,21,77,23,-1
2,26,136,41,-1
1,6,50,15,-1
2,7,70,21,-1
1,2,83,25,-1
2,10,56,17,-1
2,8,92,28,-1
1,13,81,24,-1
1,20,71,21,-1
1,2,129,39,-1
1,1,103,31,-1
2,13,72,22,-1
1,24,40,12,-1
1,14,108,32,-1
2,28,111,33,-1
1,10,147,44,-1
2,26,2,1,-1
1,16,18,6,-1
1,12,80,24,-1
1,3,136,41,-1
1,20,100,30,-1
2,26,81,24,-1
1,28,4,2,-1
1,13,134,40,-1
2,18,58,18,-1
2,8,137,41,-1
2,1,46,14,-1
2,15,48,15,-1
1,29,121,36,-1
2,16,121,36,-1
1,24,68,21,-1
2,1,144,43,-1
2,18,68,21,-1
2,12,122,37,-1
2,9,89,27,-1
2,8,97,29,-1
2,30,57,17,-1
2,10,148,44,-1
1,22,81,24,-1
2,18,22,7,-1
1,26,64,19,-1
2,10,48,15,-1
1,14,143,43,-1
1,15,44,13,-1
2,18,64,19,-1
1,30,37,11,-1
1,5,40,12,-1
2,25,67,20,-1
1,3,40,12,-1
1,23,147,44,-1
2,11,109,33,-1
1,4,24,8,-1
1,1,14,5,-1
1,5,61,19,-1
2,15,6,2,-1
1,21,29,9,-1
1,17,28,9,-1
1,5,113,34,-1
2,20,95,29,-1
1,24,65,20,-1
2,2,99,30,-1
2,29,127,38,-1
2,9,106,32,-1
2,6,120,36,-1
1,21,144,43,-1
2,29,7,3,-1
2,12,100,30,-1
2,24,12,4,-1
2,29,105,32,-1
2,11,116,35,-1
2,9,84,25,-1
1,10,87,26,-1
2,21,89,27,-1
1,28,40,12,-1
1,26,11,4,-1
2,4,85,26,-1
2,16,60,18,-1
1,5,47,14,-1
2,16,32,10,-1
2,10,87,26,-1
1,30,16,5,-1
2,12,93,28,-1
2,22,141,42,-1
2,18,96,29,-1
1,10,66,20,-1
1,26,50,15,-1
2,24,75,23,-1
2,1,23,7,-1
2,21,112,34,-1
2,6,141,42,-1
2,26,107,32,-1
2,30,111,33,-1
1,30,35,11,-1
2,25,63,19,-1
2,20,115,34,-1
1,28,58,18,-1
1,1,91,27,-1
2,15,16,5,-1
1,29,92,28,-1
2,28,113,34,-1
1,14,57,17,-1
1,17,146,44,-1
1,23,76,23,-1
2,21,40,12,-1
1,28,110,33,-1
2,15,3,1,-1
2,2,86,26,-1
2,22,139,42,-1
2,6,82,25,-1
1,12,16,5,-1
1,24,140,42,-1
2,16,64,19,-1
2,28,108,32,-1
1,6,66,20,-1
2,14,79,24,-1
2,4,33,10,-1
2,3,148,44,-1
1,3,42,13,-1
1,28,93,28,-1
1,6,38,12,-1
2,28,46,14,-1
2,19,121,36,-1
2,13,108,32,-1
2,27,56,17,-1
2,24,43,13,-1
1,4,102,31,-1
2,2,60,18,-1
2,16,42,13,-1
2,25,116,35,-1
1,8,70,21,-1
1,30,22,7,-1
2,12,25,8,-1
1,8,49,15,-1
2,30,58,18,-1
2,16,101,30,-1
1,30,28,9,-1
1,7,93,28,-1
2,3,150,45,-1
2,14,35,11,-1
1,5,17,6,-1
1,23,126,38,-1
2,26,42,13,-1
1,30,10,3,-1
2,19,115,34,-1
2,14,54,16,-1
1,8,13,4,-1
2,18,3,1,-1
2,1,85,26,-1
1,23,2,1,-1
1,23,124,37,-1
2,24,5,2,-1
2,14,74,22,-1
1,16,43,13,-1
1,4,141,42,-1
1,8,149,44,-1
1,8,43,13,-1
2,27,116,35,-1
2,24,2,1,-1
2,5,62,19,-1
1,1,109,33,-1
1,22,87,26,-1
1,18,93,28,-1
1,2,41,13,-1
2,9,74,22,-1
1,11,68,21,-1
1,30,60,18,-1
1,21,128,38,-1
1,3,55,17,-1
2,13,143,43,-1
1,3,96,29,-1
1,11,8,3,-1
1,7,2,1,-1
1,24,121,36,-1
1,19,129,39,-1
2,14,86,26,-1
1,25,135,40,-1
1,5,6,2,-1
1,2,49,15,-1
1,28,17,6,-1
2,23,39,12,-1
1,12,141,42,-1
1,10,67,20,-1
2,15,73,22,-1
1,24,58,18,-1
1,14,25,8,-1
2,11,61,19,-1
1,15,105,32,-1
1,13,52,16,-1
2,24,37,11,-1
1,16,9,3,-1
1,20,18,6,-1
1,21,117,35,-1
2,26,55,17,-1
1,3,27,8,-1
2,23,20,6,-1
1,1,67,20,-1
1,10,131,39,-1
1,20,123,37,-1
2,19,119,36,-1
2,12,131,39,-1
2,8,40,12,-1
2,24,90,27,-1
1,22,134,40,-1
1,16,99,30,-1
1,12,72,22,-1
2,2,56,17,-1
2,12,124,37,-1
1,25,39,12,-1
2,3,75,23,-1
2,6,52,16,-1
1,13,9,3,-1
1,20,104,31,-1
1,8,104,31,-1
2,24,42,13,-1
2,10,30,9,-1
2,30,46,14,-1
2,27,102,31,-1
1,22,110,33,-1
1,9,42,13,-1
1,14,97,29,-1
2,1,79,24,-1
2,7,17,6,-1
2,23,13,4,-1
2,3,142,42,-1
2,9,93,28,-1
2,11,35,11,-1
1,19,6,2,-1
1,19,99,30,-1
2,12,147,44,-1
1,18,144,43,-1
1,29,99,30,-1
1,9,139,42,-1
2,10,17,6,-1
2,2,80,24,-1
2,29,43,13,-1
2,9,110,33,-1
2,6,98,29,-1
2,16,136,41,-1
2,18,82,25,-1
1,1,55,17,-1
1,17,127,38,-1
2,26,36,11,-1
2,19,26,8,-1
1,2,22,7,-1
1,8,90,27,-1
2,12,106,32,-1
2,11,69,21,-1
1,23,6,2,-1
1,24,74,22,-1
2,30,114,34,-1
1,13,119,36,-1
2,8,96,29,-1
1,1,99,30,-1
2,17,15,5,-1
1,25,21,7,-1
1,6,35,11,-1
1,7,112,34,-1
2,4,88,26,-1
1,21,38,12,-1
2,11,106,32,-1
2,28,126,38,-1
2,10,55,17,-1
2,16,117,35,-1
1,16,72,22,-1
1,12,97,29,-1
1,23,28,9,-1
2,18,38,12,-1
2,12,14,5,-1
1,10,44,13,-1
2,26,88,26,-1
2,11,36,11,-1
1,13,92,28,-1
2,6,59,18,-1
1,13,4,2,-1
1,24,11,4,-1
2,16,55,17,-1
2,16,43,13,-1
1,15,74,22,-1
2,24,92,28,-1
2,1,131,39,-1
1,19,93,28,-1
2,11,6,2,-1
2,19,128,38,-1
2,15,119,36,-1
2,22,5,2,-1
1,17,77,23,-1
1,26,100,30,-1
1,21,61,19,-1
1,25,84,25,-1
2,22,4,2,-1
1,3,31,10,-1
1,27,47,14,-1
1,22,143,43,-1
1,6,106,32,-1
2,30,147,44,-1
1,23,140,42,-1
2,9,77,23,-1
2,6,133,40,-1
1,23,107,32,-1
1,25,101,30,-1
2,3,121,36,-1
1,20,17,6,-1
1,13,54,16,-1
2,2,48,15,-1
1,5,111,33,-1
2,7,16,5,-1
2,7,139,42,-1
2,7,67,20,-1
2,26,103,31,-1
1,30,12,4,-1
2,15,41,13,-1
2,6,20,6,-1
2,19,58,18,-1
2,30,93,28,-1
2,5,141,42,-1
1,18,103,31,-1
1,22,138,41,-1
2,9,133,40,-1
1,14,6,2,-1
1,14,82,25,-1
1,15,92,28,-1
2,15,97,29,-1
1,26,7,3,-1
1,8,85,26,-1
2,17,102,31,-1
1,30,105,32,-1
2,25,110,33,-1
1,18,12,4,-1
2,3,84,25,-1
1,22,113,34,-1
2,11,30,9,-1
2,6,4,2,-1
2,5,42,13,-1
2,23,68,21,-1
2,11,55,17,-1
2,28,97,29,-1
2,14,16,5,-1
1,22,92,28,-1
2,1,81,24,-1
2,7,56,17,-1
2,30,92,28,-1
1,28,115,34,-1
2,18,25,8,-1
2,6,10,3,-1
2,26,99,30,-1
2,15,91,27,-1
2,30,39,12,-1
1,1,112,34,-1
1,13,138,41,-1
2,29,91,27,-1
2,1,52,16,-1
2,9,23,7,-1
2,20,9,3,-1
1,22,115,34,-1
2,24,47,14,-1
1,14,100,30,-1
2,19,71,21,-1
2,16,102,31,-1
2,22,88,26,-1
1,25,60,18,-1
1,16,84,25,-1
1,3,41,13,-1
2,26,83,25,-1
2,23,50,15,-1
2,10,35,11,-1
1,6,20,6,-1
1,2,137,41,-1
1,20,99,30,-1
1,18,54,16,-1
2,19,145,43,-1
1,12,17,6,-1
2,19,32,10,-1
1,9,39,12,-1
1,30,45,14,-1
1,26,53,16,-1
1,16,112,34,-1
2,27,19,6,-1
2,17,132,39,-1
2,12,84,25,-1
1,29,28,9,-1
1,4,90,27,-1
1,5,43,13,-1
2,27,83,25,-1
2,29,129,39,-1
1,9,43,13,-1
2,13,114,34,-1
1,28,100,30,-1
2,30,119,36,-1
1,21,108,32,-1
2,24,80,24,-1
2,5,118,35,-1
1,2,100,30,-1
1,30,63,19,-1
1,19,8,3,-1
1,18,143,43,-1
2,2,98,29,-1
1,23,102,31,-1
2,21,94,28,-1
2,5,28,9,-1
1,8,76,23,-1
1,30,7,3,-1
1,28,44,13,-1
1,30,44,13,-1
1,12,58,18,-1
1,16,40,12,-1
2,19,125,37,-1
1,4,139,42,-1
2,27,81,24,-1
1,14,4,2,-1
2,23,2,1,-1
2,13,118,35,-1
2,9,148,44,-1
1,1,114,34,-1
2,24,104,31,-1
2,19,126,38,-1
1,28,54,16,-1
1,18,7,3,-1
2,24,59,18,-1
1,17,96,29,-1
1,30,120,36,-1
2,13,23,7,-1
2,29,75,23,-1
1,12,64,19,-1
2,4,123,37,-1
1,3,110,33,-1
1,8,122,37,-1
1,13,99,30,-1
1,17,52,16,-1
2,9,34,11,-1
1,30,31,10,-1
1,4,120,36,-1
2,25,13,4,-1
2,16,12,4,-1
2,15,124,37,-1
2,19,60,18,-1
1,13,130,39,-1
2,18,117,35,-1
1,12,39,12,-1
2,15,38,12,-1
2,10,25,8,-1
2,13,129,39,-1
2,15,11,4,-1
1,16,137,41,-1
1,6,124,37,-1
1,9,124,37,-1
2,6,136,41,-1
1,25,41,13,-1
2,18,124,37,-1
2,1,42,13,-1
2,23,25,8,-1
2,13,52,16,-1
2,4,21,7,-1
1,14,30,9,-1
1,27,117,35,-1
1,25,15,5,-1
1,27,15,5,-1
1,10,139,42,-1
1,27,26,8,-1
2,2,102,31,-1
1,28,30,9,-1
2,2,11,4,-1
1,1,121,36,-1
1,7,77,23,-1
2,15,28,9,-1
1,30,39,12,-1
1,19,128,38,-1
1,24,92,28,-1
1,11,9,3,-1
1,30,90,27,-1
1,12,132,39,-1
1,5,98,29,-1
2,13,148,44,-1
1,29,58,18,-1
2,26,65,20,-1
2,14,121,36,-1
2,11,99,30,-1
1,26,38,12,-1
2,11,123,37,-1
2,23,6,2,-1
2,9,62,19,-1
1,3,140,42,-1
1,16,116,35,-1
2,26,60,18,-1
2,15,90,27,-1
2,18,35,11,-1
1,3,21,7,-1
1,28,106,32,-1
1,18,25,8,-1
1,6,104,31,-1
1,27,97,29,-1
2,29,71,21,-1
1,3,43,13,-1
2,20,96,29,-1
1,10,28,9,-1
2,17,45,14,-1
2,30,100,30,-1
2,22,110,33,-1
2,8,127,38,-1
2,14,80,24,-1
2,26,38,12,-1
1,3,29,9,-1
2,6,119,36,-1
1,29,109,33,-1
2,18,65,20,-1
1,7,34,11,-1
2,11,148,44,-1
2,23,26,8,-1
1,6,32,10,-1
1,2,109,33,-1
1,2,63,19,-1
2,8,63,19,-1
1,7,11,4,-1
2,18,26,8,-1
2,18,136,41,-1
1,22,120,36,-1
2,21,140,42,-1
1,8,35,11,-1
2,27,50,15,-1
1,23,129,39,-1
1,27,9,3,-1
2,27,94,28,-1
2,6,36,11,-1
2,17,82,25,-1
2,9,41,13,-1
2,18,59,18,-1
1,13,31,10,-1
1,8,131,39,-1
2,14,52,16,-1
2,18,149,44,-1
2,7,41,13,-1
2,5,2,1,-1
1,9,129,39,-1
1,22,32,10,-1
2,10,123,37,-1
1,22,67,20,-1
1,12,24,8,-1
2,8,85,26,-1
2,9,82,25,-1
2,15,60,18,-1
1,10,49,15,-1
1,1,26,8,-1
2,16,62,19,-1
1,18,82,25,-1
1,24,9,3,-1
2,7,28,9,-1
1,24,3,1,-1
2,8,126,38,-1
1,13,47,14,-1
2,24,131,39,-1
2,30,47,14,-1
2,14,56,17,-1
1,22,57,17,-1
2,3,29,9,-1
2,8,146,44,-1
1,16,91,27,-1
1,16,29,9,-1
2,3,64,19,-1
2,14,22,7,-1
2,11,129,39,-1
1,11,41,13,-1
1,6,77,23,-1
1,5,8,3,-1
2,19,8,3,-1
2,25,54,16,-1
2,22,92,28,-1
1,16,83,25,-1
1,15,119,36,-1
2,2,23,7,-1
2,6,94,28,-1
2,15,114,34,-1
2,26,71,21,-1
2,3,86,26,-1
2,20,99,30,-1
1,16,60,18,-1
1,29,42,13,-1
2,12,17,6,-1
2,25,92,28,-1
1,7,13,4,-1
1,20,45,14,-1
2,29,12,4,-1
2,29,88,26,-1
1,26,108,32,-1
1,22,46,14,-1
2,26,94,28,-1
1,19,52,16,-1
2,22,7,3,-1
1,22,30,9,-1
1,10,45,14,-1
2,29,44,13,-1
1,14,93,28,-1
2,29,6,2,-1
2,26,142,42,-1
2,29,142,42,-1
1,29,38,12,-1
2,2,8,3,-1
2,4,126,38,-1
2,25,79,24,-1
2,27,9,3,-1
2,30,49,15,-1
1,1,75,23,-1
1,11,71,21,-1
2,15,71,21,-1
1,6,144,43,-1
2,17,36,11,-1
2,30,61,19,-1
2,3,17,6,-1
2,19,143,43,-1
2,22,94,28,-1
2,22,2,1,-1
2,3,128,38,-1
2,24,14,5,-1
1,14,71,21,-1
2,3,119,36,-1
2,13,112,34,-1
2,21,4,2,-1
2,29,15,5,-1
1,9,100,30,-1
2,3,19,6,-1
1,20,63,19,-1
1,23,37,11,-1
1,27,69,21,-1
2,7,103,31,-1
2,12,27,8,-1
1,23,120,36,-1
1,26,10,3,-1
2,20,84,25,-1
1,29,138,41,-1
1,2,70,21,-1
2,25,71,21,-1
1,29,65,20,-1
1,21,13,4,-1
2,28,73,22,-1
1,5,146,44,-1
1,10,150,45,-1
1,9,62,19,-1
1,23,36,11,-1
1,23,45,14,-1
1,2,19,6,-1
2,9,92,28,-1
2,21,14,5,-1
2,11,83,25,-1
1,3,38,12,-1
2,4,86,26,-1
2,18,66,20,-1
2,14,72,22,-1
2,4,150,45,-1
1,27,16,5,-1
2,26,28,9,-1
2,19,72,22,-1
1,27,31,10,-1
2,12,109,33,-1
1,10,73,22,-1
1,26,29,9,-1
1,7,140,42,-1
1,26,59,18,-1
2,4,146,44,-1
2,12,71,21,-1
1,28,145,43,-1
1,17,64,19,-1
2,27,150,45,-1
2,12,48,15,-1
1,13,42,13,-1
1,8,82,25,-1
1,30,56,17,-1
2,13,22,7,-1
2,15,62,19,-1
1,4,122,37,-1
1,20,135,40,-1
1,15,62,19,-1
1,27,76,23,-1
1,19,70,21,-1
1,1,83,25,-1
2,23,128,38,-1
2,13,103,31,-1
2,30,148,44,-1
1,3,99,30,-1
1,20,87,26,-1
1,27,118,35,-1
1,12,79,24,-1
2,14,29,9,-1
1,1,98,29,-1
2,3,23,7,-1
1,5,68,21,-1
2,12,75,23,-1
2,8,111,33,-1
1,2,88,26,-1
2,20,123,37,-1
1,15,14,5,-1
1,28,127,38,-1
2,24,100,30,-1
1,23,78,24,-1
1,21,63,19,-1
1,25,80,24,-1
2,1,83,25,-1
2,20,82,25,-1
2,30,81,24,-1
1,12,87,26,-1
1,25,144,43,-1
1,3,18,6,-1
1,9,122,37,-1
2,7,6,2,-1
1,1,100,30,-1
2,2,15,5,-1
1,4,19,6,-1
1,23,88,26,-1
2,28,112,34,-1
1,4,137,41,-1
1,27,14,5,-1
2,17,119,36,-1
2,17,5,2,-1
1,5,26,8,-1
1,12,5,2,-1
1,15,125,37,-1
2,5,69,21,-1
2,1,44,13,-1
1,22,65,20,-1
1,14,61,19,-1
2,2,127,38,-1
1,30,135,40,-1
1,6,134,40,-1
1,7,122,37,-1
2,15,100,30,-1
1,5,100,30,-1
2,11,87,26,-1
1,24,118,35,-1
2,3,68,21,-1
2,17,27,8,-1
1,24,79,24,-1
2,3,41,13,-1
2,13,27,8,-1
1,10,12,4,-1
1,5,41,13,-1
2,16,33,10,-1
2,8,58,18,-1
2,17,145,43,-1
2,15,103,31,-1
1,20,131,39,-1
2,10,36,11,-1
1,26,130,39,-1
2,6,104,31,-1
1,12,66,20,-1
1,10,59,18,-1
2,14,92,28,-1
1,27,96,29,-1
1,11,18,6,-1
1,1,28,9,-1
2,22,35,11,-1
1,4,107,32,-1
2,6,38,12,-1
1,5,129,39,-1
2,6,125,37,-1
1,16,120,36,-1
2,25,146,44,-1
1,22,100,30,-1
1,21,20,6,-1
1,19,64,19,-1
1,13,71,21,-1
1,27,79,24,-1
2,25,85,26,-1
2,24,82,25,-1
1,11,88,26,-1
2,30,125,37,-1
1,15,63,19,-1
1,29,64,19,-1
1,5,103,31,-1
1,13,73,22,-1
2,2,58,18,-1
1,21,53,16,-1
2,6,49,15,-1
1,6,130,39,-1
2,23,118,35,-1
2,17,94,28,-1
1,17,59,18,-1
2,9,145,43,-1
2,15,31,10,-1
1,21,78,24,-1
1,8,44,13,-1
2,5,146,44,-1
2,4,6,2,-1
2,7,149,44,-1
2,20,78,24,-1
2,3,76,23,-1
2,27,92,28,-1
2,10,132,39,-1
1,22,102,31,-1
1,27,133,40,-1
2,12,16,5,-1
1,13,59,18,-1
2,24,103,31,-1
1,11,91,27,-1
2,16,106,32,-1
2,26,63,19,-1
2,1,54,16,-1
1,8,37,11,-1
2,4,140,42,-1
1,11,39,12,-1
1,2,57,17,-1
2,7,140,42,-1
2,10,120,36,-1
2,29,79,24,-1
2,25,105,32,-1
1,1,120,36,-1
2,20,94,28,-1
1,20,40,12,-1
2,16,86,26,-1
1,4,40,12,-1
2,22,20,6,-1
2,27,35,11,-1
2,27,16,5,-1
2,2,100,30,-1
2,20,64,19,-1
2,6,48,15,-1
1,20,103,31,-1
1,21,66,20,-1
2,4,41,13,-1
1,7,110,33,-1
1,21,48,15,-1
2,7,145,43,-1
2,25,49,15,-1
2,29,25,8,-1
1,3,89,27,-1
1,23,74,22,-1
1,5,14,5,-1
1,17,93,28,-1
2,12,37,11,-1
2,12,66,20,-1
2,12,144,43,-1
2,10,126,38,-1
1,27,98,29,-1
2,4,120,36,-1
2,17,72,22,-1
1,5,55,17,-1
2,9,2,1,-1
1,11,75,23,-1
1,11,80,24,-1
1,21,119,36,-1
2,21,82,25,-1
1,29,41,13,-1
1,30,21,7,-1
1,5,88,26,-1
2,28,30,9,-1
2,1,45,14,-1
2,11,131,39,-1
2,30,56,17,-1
1,15,64,19,-1
1,17,103,31,-1
1,9,95,29,-1
2,5,112,34,-1
2,11,47,14,-1
1,10,135,40,-1
1,25,76,23,-1
2,3,46,14,-1
1,16,113,34,-1
1,9,110,33,-1
2,6,132,39,-1
2,26,69,21,-1
1,25,12,4,-1
2,16,41,13,-1
2,12,69,21,-1
1,18,95,29,-1
2,18,140,42,-1
2,4,136,41,-1
2,3,108,32,-1
1,7,103,31,-1
1,16,143,43,-1
1,26,116,35,-1
2,14,2,1,-1
1,9,30,9,-1
2,20,131,39,-1
1,4,64,19,-1
2,9,114,34,-1
1,7,12,4,-1
1,18,100,30,-1
2,1,66,20,-1
2,16,58,18,-1
1,11,89,27,-1
1,3,147,44,-1
2,28,127,38,-1
1,16,20,6,-1
1,27,22,7,-1
1,8,121,36,-1
2,12,26,8,-1
1,24,47,14,-1
1,25,86,26,-1
2,19,91,27,-1
2,14,142,42,-1
1,9,3,1,-1
2,23,41,13,-1
1,1,106,32,-1
1,14,53,16,-1
2,12,2,1,-1
2,3,133,40,-1
2,30,51,16,-1
1,13,132,39,-1
1,19,94,28,-1
1,4,54,16,-1
1,12,115,34,-1
1,1,135,40,-1
1,29,6,2,-1
2,21,123,37,-1
2,4,82,25,-1
2,27,149,44,-1
1,13,26,8,-1
1,28,38,12,-1
2,16,104,31,-1
2,29,62,19,-1
2,3,132,39,-1
1,20,28,9,-1
1,15,37,11,-1
2,21,111,33,-1
1,9,142,42,-1
1,2,18,6,-1
1,14,7,3,-1
1,8,2,1,-1
1,12,74,22,-1
2,25,50,15,-1
2,4,122,37,-1
2,3,5,2,-1
1,5,130,39,-1
1,1,110,33,-1
1,25,110,33,-1
2,9,75,23,-1
1,8,140,42,-1
2,18,60,18,-1
2,26,24,8,-1
2,14,108,32,-1
1,5,65,20,-1
1,27,92,28,-1
2,28,83,25,-1
1,18,20,6,-1
2,9,131,39,-1
1,4,100,30,-1
1,11,134,40,-1
2,14,42,13,-1
2,7,132,39,-1
1,25,27,8,-1
1,25,7,3,-1
2,13,80,24,-1
2,1,73,22,-1
2,8,71,21,-1
2,2,59,18,-1
1,3,73,22,-1
2,25,47,14,-1
1,15,55,17,-1
2,26,95,29,-1
2,10,8,3,-1
1,12,44,13,-1
2,14,10,3,-1
2,10,122,37,-1
2,10,14,5,-1
2,29,134,40,-1
1,28,57,17,-1
1,21,143,43,-1
2,14,21,7,-1
1,24,21,7,-1
2,6,86,26,-1
2,13,19,6,-1
2,29,24,8,-1
1,16,78,24,-1
2,22,124,37,-1
1,29,7,3,-1
2,7,62,19,-1
1,26,23,7,-1
2,22,51,16,-1
1,9,58,18,-1
2,17,98,29,-1
1,27,115,34,-1
2,16,21,7,-1
1,1,102,31,-1
2,27,3,1,-1
1,19,74,22,-1
2,22,101,30,-1
1,7,45,14,-1
2,10,2,1,-1
1,18,139,42,-1
2,12,20,6,-1
1,21,25,8,-1
2,25,120,36,-1
2,15,118,35,-1
2,1,96,29,-1
2,8,135,40,-1
1,19,134,40,-1
1,23,137,41,-1
1,26,54,16,-1
2,27,86,26,-1
2,7,74,22,-1
2,5,31,10,-1
2,25,91,27,-1
1,16,104,31,-1
1,9,126,38,-1
2,2,5,2,-1
2,6,7,3,-1
2,22,111,33,-1
1,9,78,24,-1
2,23,136,41,-1
2,16,150,45,-1
1,11,16,5,-1
1,4,34,11,-1
1,26,24,8,-1
2,5,107,32,-1
2,21,108,32,-1
2,11,73,22,-1
1,25,63,19,-1
2,4,104,31,-1
1,16,57,17,-1
2,24,65,20,-1
1,3,87,26,-1
2,11,108,32,-1
1,28,13,4,-1
2,17,139,42,-1
2,1,59,18,-1
2,13,146,44,-1
2,6,90,27,-1
1,1,149,44,-1
1,8,142,42,-1
2,27,60,18,-1
1,21,14,5,-1
2,24,124,37,-1
2,5,59,18,-1
1,22,91,27,-1
1,30,8,3,-1
1,6,7,3,-1
1,6,140,42,-1
2,20,83,25,-1
2,29,69,21,-1
2,1,150,45,-1
2,26,86,26,-1
2,25,39,12,-1
2,22,117,35,-1
2,20,100,30,-1
1,12,137,41,-1
2,30,120,36,-1
1,10,69,21,-1
2,24,41,13,-1
1,9,38,12,-1
2,27,119,36,-1
2,23,140,42,-1
1,17,55,17,-1
2,27,43,13,-1
2,27,54,16,-1
2,22,133,40,-1
1,18,109,33,-1
2,23,80,24,-1
1,6,98,29,-1
2,23,18,6,-1
1,9,14,5,-1
2,21,109,33,-1
1,10,11,4,-1
1,17,73,22,-1
2,16,134,40,-1
2,2,18,6,-1
2,16,37,11,-1
2,18,100,30,-1
1,7,22,7,-1
1,25,28,9,-1
1,6,125,37,-1
1,26,47,14,-1
1,19,42,13,-1
1,10,149,44,-1
2,10,15,5,-1
2,1,132,39,-1
2,27,140,42,-1
1,23,24,8,-1
1,23,33,10,-1
1,17,42,13,-1
2,17,92,28,-1
1,21,55,17,-1
1,23,108,32,-1
2,5,4,2,-1
1,27,7,3,-1
2,11,133,40,-1
2,24,94,28,-1
1,27,50,15,-1
1,30,68,21,-1
2,3,30,9,-1
1,17,124,37,-1
1,13,28,9,-1
1,11,130,39,-1
2,9,26,8,-1
2,18,113,34,-1
1,28,62,19,-1
1,25,122,37,-1
2,15,140,42,-1
2,11,68,21,-1
1,8,36,11,-1
1,15,7,3,-1
1,1,30,9,-1
1,5,149,44,-1
2,1,104,31,-1
2,12,21,7,-1
1,6,79,24,-1
1,6,63,19,-1
2,25,145,43,-1
2,10,138,41,-1
2,7,23,7,-1
1,23,149,44,-1
1,7,76,23,-1
1,20,27,8,-1
2,28,76,23,-1
1,19,96,29,-1
1,22,126,38,-1
2,21,10,3,-1
2,9,46,14,-1
2,23,55,17,-1
1,25,73,22,-1
1,19,12,4,-1
1,25,105,32,-1
2,10,108,32,-1
2,13,98,29,-1
2,28,125,37,-1
2,5,88,26,-1
2,14,102,31,-1
2,25,101,30,-1
1,10,88,26,-1
2,20,145,43,-1
1,5,142,42,-1
1,14,19,6,-1
2,2,84,25,-1
2,27,135,40,-1
2,10,149,44,-1
1,27,13,4,-1
2,26,29,9,-1
1,7,146,44,-1
1,7,70,21,-1
2,25,149,44,-1
2,14,49,15,-1
1,21,83,25,-1
1,17,11,4,-1
1,4,103,31,-1
1,4,111,33,-1
1,28,125,37,-1
2,6,147,44,-1
1,23,59,18,-1
2,9,50,15,-1
1,7,9,3,-1
2,14,131,39,-1
1,17,72,22,-1
1,26,72,22,-1
1,30,136,41,-1
1,30,40,12,-1
2,28,138,41,-1
2,19,86,26,-1
2,8,139,42,-1
2,13,74,22,-1
1,24,128,38,-1
1,8,53,16,-1
1,24,28,9,-1
2,16,144,43,-1
2,6,79,24,-1
2,12,43,13,-1
2,8,49,15,-1
2,25,81,24,-1
1,30,6,2,-1
2,5,98,29,-1
1,24,38,12,-1
1,8,134,40,-1
1,1,58,18,-1
2,18,102,31,-1
1,29,113,34,-1
1,10,79,24,-1
2,22,116,35,-1
1,7,126,38,-1
2,7,61,19,-1
1,15,98,29,-1
2,8,129,39,-1
1,20,101,30,-1
2,10,13,4,-1
1,8,145,43,-1
1,15,3,1,-1
2,4,149,44,-1
1,30,102,31,-1
1,14,79,24,-1
1,8,65,20,-1
2,1,37,11,-1
2,20,40,12,-1
1,29,87,26,-1
1,10,86,26,-1
2,7,7,3,-1
1,14,136,41,-1
2,4,70,21,-1
1,21,112,34,-1
2,4,145,43,-1
1,25,56,17,-1
1,4,23,7,-1
1,21,102,31,-1
2,10,140,42,-1
1,24,97,29,-1
1,12,130,39,-1
2,3,3,1,-1
1,29,136,41,-1
2,21,2,1,-1
2,23,91,27,-1
2,9,45,14,-1
1,26,140,42,-1
1,17,90,27,-1
2,30,144,43,-1
1,13,3,1,-1
2,20,18,6,-1
2,24,130,39,-1
2,11,72,22,-1
2,26,11,4,-1
2,10,39,12,-1
2,15,85,26,-1
2,4,97,29,-1
2,12,141,42,-1
1,25,17,6,-1
1,12,101,30,-1
1,10,82,25,-1
2,10,69,21,-1
1,9,70,21,-1
1,10,57,17,-1
2,7,38,12,-1
1,13,34,11,-1
2,5,80,24,-1
2,11,27,8,-1
2,30,74,22,-1
2,21,51,16,-1
1,23,12,4,-1
2,16,67,20,-1
1,24,29,9,-1
1,24,53,16,-1
2,2,126,38,-1
2,28,95,29,-1
1,3,26,8,-1
2,2,109,33,-1
1,11,93,28,-1
1,26,142,42,-1
2,3,45,14,-1
1,29,16,5,-1
2,30,82,25,-1
1,24,81,24,-1
2,10,62,19,-1
1,27,23,7,-1
2,8,66,20,-1
2,1,122,37,-1
2,14,132,39,-1
1,16,139,42,-1
2,14,83,25,-1
2,7,75,23,-1
1,29,146,44,-1
1,1,48,15,-1
1,14,55,17,-1
2,1,140,42,-1
1,5,32,10,-1
1,28,3,1,-1
2,3,95,29,-1
1,6,150,45,-1
2,1,27,8,-1
1,22,104,31,-1
1,12,121,36,-1
2,20,146,44,-1
1,26,65,20,-1
2,12,150,45,-1
1,24,64,19,-1
1,29,78,24,-1
1,2,64,19,-1
1,2,134,40,-1
1,12,41,13,-1
1,13,66,20,-1
1,14,124,37,-1
1,30,116,35,-1
2,11,12,4,-1
1,15,140,42,-1
2,20,124,37,-1
2,19,24,8,-1
1,1,22,7,-1
2,17,75,23,-1
2,16,141,42,-1
2,13,99,30,-1
2,26,48,15,-1
1,14,15,5,-1
2,25,28,9,-1
2,3,31,10,-1
2,3,66,20,-1
2,1,28,9,-1
1,3,137,41,-1
1,10,130,39,-1
1,25,42,13,-1
1,7,102,31,-1
2,16,50,15,-1
2,14,3,1,-1
1,12,109,33,-1
2,18,19,6,-1
1,16,133,40,-1
1,1,53,16,-1
2,6,45,14,-1
2,15,22,7,-1
1,15,113,34,-1
2,7,18,6,-1
2,17,11,4,-1
1,2,10,3,-1
1,26,33,10,-1
2,14,50,15,-1
1,20,26,8,-1
1,27,120,36,-1
2,27,45,14,-1
2,15,132,39,-1
2,25,125,37,-1
2,6,64,19,-1
1,16,82,25,-1
2,24,106,32,-1
1,6,137,41,-1
1,1,57,17,-1
2,25,114,34,-1
1,28,96,29,-1
2,19,103,31,-1
2,19,56,17,-1
2,18,13,4,-1
1,6,6,2,-1
1,15,17,6,-1
1,17,15,5,-1
2,14,119,36,-1
1,26,20,6,-1
1,2,125,37,-1
1,6,109,33,-1
1,20,31,10,-1
1,17,148,44,-1
1,22,132,39,-1
2,30,95,29,-1
1,26,84,25,-1
1,20,107,32,-1
1,11,85,26,-1
1,12,38,12,-1
1,22,99,30,-1
2,13,66,20,-1
2,29,58,18,-1
2,6,111,33,-1
2,28,147,44,-1
2,23,94,28,-1
1,5,136,41,-1
1,27,104,31,-1
2,23,78,24,-1
2,9,36,11,-1
1,17,133,40,-1
1,10,124,37,-1
1,26,71,21,-1
2,14,77,23,-1
2,28,50,15,-1
1,10,22,7,-1
2,9,48,15,-1
2,7,26,8,-1
1,8,60,18,-1
1,14,95,29,-1
2,13,9,3,-1
2,28,100,30,-1
1,13,144,43,-1
2,16,69,21,-1
1,12,122,37,-1
1,7,118,35,-1
1,13,95,29,-1
2,20,133,40,-1
1,14,41,13,-1
1,5,38,12,-1
2,9,53,16,-1
1,15,99,30,-1
2,2,32,10,-1
2,9,97,29,-1
1,28,46,14,-1
1,23,101,30,-1
2,5,106,32,-1
1,11,125,37,-1
2,6,21,7,-1
2,16,98,29,-1
2,27,108,32,-1
1,19,40,12,-1
2,24,40,12,-1
1,9,104,31,-1
1,20,105,32,-1
1,10,111,33,-1
1,18,2,1,-1
2,10,105,32,-1
1,11,84,25,-1
2,27,101,30,-1
2,19,120,36,-1
1,9,71,21,-1
2,19,77,23,-1
2,30,42,13,-1
2,17,20,6,-1
1,17,10,3,-1
1,15,141,42,-1
1,26,13,4,-1
2,26,146,44,-1
1,12,119,36,-1
2,28,84,25,-1
1,10,84,25,-1
2,16,122,37,-1
2,10,128,38,-1
2,25,55,17,-1
1,14,89,27,-1
2,14,46,14,-1
1,16,149,44,-1
1,27,149,44,-1
2,1,25,8,-1
2,25,72,22,-1
2,8,148,44,-1
2,22,134,40,-1
1,24,129,39,-1
1,15,41,13,-1
2,11,70,21,-1
2,5,74,22,-1
1,24,104,31,-1
1,24,70,21,-1
2,29,93,28,-1
2,10,9,3,-1
1,9,83,25,-1
1,3,5,2,-1
1,21,145,43,-1
1,28,25,8,-1
1,1,138,41,-1
2,12,33,10,-1
2,5,78,24,-1
2,1,5,2,-1
1,21,33,10,-1
2,12,9,3,-1
2,27,111,33,-1
2,5,76,23,-1
1,23,17,6,-1
2,5,127,38,-1
1,22,25,8,-1
1,18,105,32,-1
1,24,99,30,-1
2,10,101,30,-1
2,1,17,6,-1
2,8,14,5,-1
1,16,130,39,-1
1,22,52,16,-1
1,25,64,19,-1
1,26,141,42,-1
2,12,139,42,-1
1,20,55,17,-1
2,23,124,37,-1
2,21,141,42,-1
2,12,68,21,-1
2,6,66,20,-1
2,24,111,33,-1
1,18,136,41,-1
2,16,66,20,-1
1,26,105,32,-1
2,29,146,44,-1
1,30,62,19,-1
1,30,112,34,-1
1,27,100,30,-1
1,15,42,13,-1
1,26,81,24,-1
2,4,49,15,-1
2,26,76,23,-1
1,26,60,18,-1
2,22,42,13,-1
1,10,27,8,-1
1,27,27,8,-1
1,26,135,40,-1
1,19,146,44,-1
2,19,29,9,-1
1,17,116,35,-1
1,7,68,21,-1
2,9,147,44,-1
2,23,119,36,-1
2,12,57,17,-1
1,20,122,37,-1
1,2,23,7,-1
2,26,131,39,-1
1,7,138,41,-1
1,21,15,5,-1
2,29,54,16,-1
2,4,103,31,-1
1,14,127,38,-1
2,23,66,20,-1
1,27,8,3,-1
2,19,88,26,-1
2,7,37,11,-1
1,14,126,38,-1
2,25,130,39,-1
2,27,32,10,-1
2,11,58,18,-1
1,2,21,7,-1
1,26,70,21,-1
2,4,141,42,-1
1,20,13,4,-1
2,9,91,27,-1
2,19,21,7,-1
1,8,22,7,-1
1,13,25,8,-1
1,1,15,5,-1
1,13,82,25,-1
2,27,65,20,-1
1,24,35,11,-1
1,8,99,30,-1
1,21,47,14,-1
2,4,51,16,-1
1,4,10,3,-1
1,30,100,30,-1
1,6,118,35,-1
2,1,77,23,-1
1,19,86,26,-1
2,1,111,33,-1
1,11,65,20,-1
1,26,21,7,-1
